comparison_id,openeval_result_id,peer_result_id,openeval_evaluation_type,peer_evaluation_type,openeval_result_type,peer_result_type,comparison_type,comparison,n_openeval,n_peer,n_itx,manuscript_id,version,intersection_fraction,n_peer_int,n_openeval_int,agree_bar_cat
CMP4,R9,R3,Supported,Unsupported,MAJOR,MAJOR,Disagree,"Both address claims C102, C108 regarding time-independence of K*. OpenEval finds these claims supported by mathematical framework (Equation 9) and Figure 4 showing time-dependence of traditional K_DKI. Peer reviewers find these claims unsupported, stating authors 'do not fully demonstrate' time-independence and noting that Tables 3-4 human data 'seem to show that D* and K* are time dependent,' identifying this as a study limitation.",2.0,3.0,2,elife-90465,v1,0.6666666666666666,3,2,Disagree
CMP5,R4,R3,Supported,Unsupported,MINOR,MAJOR,Disagree,"OpenEval R4 addresses claim C61 about noise obscuring convergence trends, finding it supported by Figure 4. Peer R3 addresses C61 along with C102, C108, but focuses critique on time-independence claims rather than the noise observation specifically, finding the time-independence claims unsupported based on Tables 3-4 data.",1.0,3.0,1,elife-90465,v1,0.3333333333333333,3,1,Disagree
CMP3,R13,R7,Supported,Unsupported,MAJOR,MAJOR,Disagree,"Major disagreement on main conclusions (C61, C66). OpenEval rates as SUPPORTED with caveat that 'causal link to clinical burden remains speculative.' Peer reviewers rate as UNSUPPORTED, explicitly stating 'these data don't allow a casual inference on the role of isdH in driving the emergence of USA300' and noting the mutation 'is still possible...just a marker of USA300 success.'",2.0,2.0,2,elife-90668,v1,1.0,2,2,Disagree
CMP3,R3,R3,Supported,Unsupported,MAJOR,MAJOR,Disagree,"Both evaluate claims C47-C54, C78, C97 regarding HIF's role in epicardial activation and EMT. OpenEval finds convergent genetic and pharmacological evidence supportive, while peer reviewers consider the evidence unsupported, stating 'EMT remains to be convincingly demonstrated' and noting 'lack of convincing evidence.' Major disagreement on sufficiency of EMT evidence.",10.0,10.0,10,elife-107419,v1,1.0,10,10,Disagree
CMP3,R5,R3,Supported,Unsupported,MAJOR,MAJOR,Disagree,"Both evaluate the same claims (C6, C47-C49) regarding LPS-induced inflammatory responses. OpenEval finds evidence SUPPORTED based on multiple complementary approaches (RNAseq, qRT-PCR, protein profiling) showing 50-800 fold responses. Peer reviewers rate it UNSUPPORTED, arguing that mature human microglia respond poorly to LPS alone and require IFNγ co-stimulation, suggesting the robust LPS response indicates cells are not truly mature microglia.",4.0,4.0,4,elife-90695,v1,1.0,4,4,Disagree
CMP5,R5,R7,Supported,Unsupported,MAJOR,MAJOR,Disagree,"Strong disagreement on model fit quality (C85-C88). OpenEval rates as SUPPORTED, noting the model replicated discrimination indices well with appropriate convergence criteria. Peer reviewers rate as UNSUPPORTED, explicitly challenging model fit and noting it misses key trends in the data, with concerns about overfitting.",12.0,4.0,4,elife-105347,v1,0.3333333333333333,4,12,Disagree
CMP17,R17,R8,Supported,Unsupported,MAJOR,MAJOR,Disagree,"OpenEval finds C127-C132 (transcriptional dynamics summary) SUPPORTED, noting C131-C132 are speculative but reasonable. Peer reviewers evaluate overlapping claims C127-C130, C153-C154 as UNSUPPORTED, explicitly challenging novelty and impact, stating the work 'does not advance the field in any sort of novel or useful way' and citing 'critical methodological flaws.'",6.0,6.0,4,elife-91528,v1,0.6666666666666666,6,6,Disagree
CMP22,R22,R8,Supported,Unsupported,MAJOR,MAJOR,Disagree,"OpenEval finds C3-C7, C153-C154 (high-level summary of contributions) SUPPORTED by collective evidence. Peer reviewers evaluate overlapping claims C153-C154 as UNSUPPORTED, stating the work has 'relatively low' impact and provides limited value 'beyond providing a review of previously published studies.'",7.0,6.0,2,elife-91528,v1,0.2857142857142857,6,7,Disagree
CMP5,R2,R4,Supported,Unsupported,MAJOR,MAJOR,Disagree,"Major disagreement on selector gene claims C4, C34. OpenEval finds these SUPPORTED by knockout experiments, while peer reviewers rate UNSUPPORTED, calling the selector gene interpretation 'speculative' and noting lack of evidence for clonal lineage compartment.",21.0,2.0,2,elife-96904,v1,0.09523809523809523,2,21,Disagree
CMP10,R11,R6,Supported,Unsupported,MINOR,MAJOR,Disagree,"OpenEval evaluates claims about improvements over prior work (C58) finding the methodological advancement accurately contrasted with prior models (SUPPORTED). Peer result R6 covers C58-C60, directly challenging claims of improvement, stating the strength relative to prior approaches is not well supported and the claim is incomplete (UNSUPPORTED). Strong disagreement on novelty and improvement claims.",1.0,3.0,1,elife-92562,v1,0.3333333333333333,3,1,Disagree
CMP11,R8,R4,Unsupported,Supported,MAJOR,MAJOR,Disagree,"Major disagreement on comparative efficacy claims (C35, C36). OpenEval rates as UNSUPPORTED, identifying methodologically flawed comparison between single-arm PERSIST and randomized ExteNET treatment arm without proper controls. Peer reviewers rated as SUPPORTED, accepting the comparative interpretation and novelty claim without challenging the comparison methodology.",3.0,5.0,2,elife-101724,v1,0.4,5,3,Disagree
CMP11,R15,R4,Unsupported,Supported,MAJOR,MAJOR,Disagree,"Major divergence on functional claims (C57). OpenEval rates this UNSUPPORTED, noting the assertion of 'modulating' integration efficiency lacks experimental evidence and requires functional assays. Peer reviewers accept this claim as part of compelling findings about regulatory mechanisms without requesting experimental validation. This is the most significant disagreement, with OpenEval requiring direct functional evidence while peer reviewers accept computational predictions and proximity data as sufficient.",1.0,4.0,1,elife-91985,v1,0.25,4,1,Disagree
CMP19,R20,R8,Supported,Unsupported,MINOR,MAJOR,Disagree,"Fundamental disagreement on background framework. OpenEval finds established background (C1-C4, C11, C14-C43) SUPPORTED by literature; peer reviewers explicitly reject framework (C2, C11, C13, C14) as UNSUPPORTED, stating it is 'outdated and has flaws.'",35.0,4.0,3,elife-93241,v1,0.08571428571428572,4,35,Disagree
CMP20,R21,R9,Supported,Unsupported,MINOR,MAJOR,Disagree,"Disagreement on mechanistic model. OpenEval finds established models (C144-C155) SUPPORTED as appropriate context; peer reviewers explicitly reject inverse dosage effect explanation (C31-C32) as UNSUPPORTED, stating 'this is a misunderstanding of the inverse effect.'",12.0,2.0,0,elife-93241,v1,0.0,2,12,Disagree
CMP21,R27,R10,Supported,Unsupported,MINOR,MINOR,Disagree,"Disagreement on exclusion of female animals (C120-C121). OpenEval finds methods justified by sex differences in disease progression. Peer reviewers explicitly critique this as a weakness, noting 'considerable known sex differences in Ca2+ handling' and stating 'it will be very important to determine effects in the female heart.'",6.0,2.0,2,elife-88638,v1,0.3333333333333333,2,6,Disagree
CMP3,R4,R4,Supported,Unsupported,MAJOR,MAJOR,Disagree,"Both address comparative analysis and quantitative measurements (C116-C129, C145). OpenEval finds the evolutionary trend SUPPORTED by measurements and gradual morphological changes. Peer review is UNSUPPORTED: anonymous reviewer criticizes that data are 'a mix and not comparable,' noting crucial distinction between secondary and tertiary layers is missing, and concludes patterns in Fig. 6 are 'misleading.'",17.0,15.0,14,elife-88855,v1,0.8235294117647058,15,17,Disagree
CMP4,R4,R3,Supported,Unsupported,MAJOR,MAJOR,Disagree,"Both address evolutionary patterns and continuous transformation (C7, C130). OpenEval finds SUPPORTED by gradual morphological changes across stratigraphic intervals. Peer review is UNSUPPORTED: anonymous reviewer states patterns are 'interesting but rather unconvincing' and 'misleading,' reflecting 'limited understanding of shell growths in linguliform brachiopods.'",17.0,7.0,2,elife-88855,v1,0.11764705882352941,7,17,Disagree
CMP7,R6,R3,Supported,Unsupported,MAJOR,MAJOR,Disagree,"Both address phylogenetic interpretations (C143, C154). OpenEval finds SUPPORTED with reasonable support from morphological continuity. Peer review is UNSUPPORTED: anonymous reviewer directly challenges evolutionary patterns as 'rather unconvincing' and 'misleading.'",13.0,7.0,2,elife-88855,v1,0.15384615384615385,7,13,Disagree
CMP9,R5,R3,Supported,Unsupported,MAJOR,MAJOR,Disagree,"Both address phylogenetic inferences and evolutionary interpretations (C134, C140-C141). OpenEval finds SUPPORTED though notes alternative scenarios not fully excluded. Peer review is UNSUPPORTED: anonymous reviewer finds evolutionary patterns 'rather unconvincing' and 'misleading.'",11.0,7.0,3,elife-88855,v1,0.2727272727272727,7,11,Disagree
CMP4,R4,R4,Supported,Unsupported,MAJOR,MAJOR,Disagree,"Both evaluate claims C50-C51 on JQ1 inhibitor experiments. OpenEval finds strong mechanistic evidence for SE-driven regulation. Peer reviewers explicitly reject this interpretation, stating JQ1 only proves BRD4 regulation and could indicate typical enhancer rather than super enhancer. Direct disagreement on interpretation of pharmacological data.",3.0,2.0,2,elife-96445,v1,0.6666666666666666,2,3,Disagree
CMP5,R5,R5,Supported,Unsupported,MAJOR,MAJOR,Disagree,"Both evaluate claims C53-C60 on ZFP36L1-PD-L1 regulatory relationship. OpenEval finds strong bidirectional evidence from multiple orthogonal methods. Peer reviewers provide detailed criticism: effects are marginal, context-dependent (requiring IFNγ), knockdown failures in some cell lines, and several cell lines express ZFP36L1 without PD-L1, suggesting ZFP36L1 is not a key PD-L1 stimulant. Major disagreement on effect size and biological significance.",8.0,8.0,8,elife-96445,v1,1.0,8,8,Disagree
CMP12,R12,R8,Supported,Unsupported,MAJOR,MAJOR,Disagree,"OpenEval R12 evaluates C99-C100 on clinical correlations in patient tissues. Peer R8 evaluates C99-C106 including in vivo tumor experiments. OpenEval acknowledges correlation cannot establish causality but finds clinical validation important. Peer reviewers question patient selection (why three patients shown), lack of subtype specification, and need for pathologist review, indicating inadequate presentation of clinical data.",2.0,8.0,2,elife-96445,v1,0.25,8,2,Disagree
CMP13,R13,R8,Supported,Unsupported,MAJOR,MAJOR,Disagree,"OpenEval R13 evaluates C101-C106 on in vivo experiments and therapeutic implications. Peer R8 evaluates C99-C106. OpenEval finds strong evidence for T-cell-dependent mechanisms but notes therapeutic claims are speculative. Peer reviewers provide strong criticism: no difference in tumor growth (Figure 6E), misleading IHC lacking quantification and pathologist review, need to validate regulatory axis in MFC cells used for experiments. Major disagreement on data quality and interpretation.",6.0,8.0,6,elife-96445,v1,0.75,8,6,Disagree
CMP14,R14,R9,Supported,Unsupported,MAJOR,MAJOR,Disagree,"Both evaluate summary conclusions C107, C111-C112 on the overall pathway and therapeutic implications. OpenEval finds mechanistic pathway well-established but therapeutic implications speculative. Peer reviewers conclude central claims are not supported due to marginal effects, lack of direct SE causality proof, incomplete data, and observation that ZFP36L1 is not a key PD-L1 stimulant compared to IFNγ. Editor notes this is one of many pathways and data are incomplete. Fundamental disagreement on whether totality of evidence supports conclusions.",6.0,3.0,3,elife-96445,v1,0.5,3,6,Disagree
CMP1,R12,R4,Supported,Unsupported,MAJOR,MAJOR,Disagree,"Strong disagreement on T cell classification (C42-C44). OpenEval finds claims supported based on canonical markers and appropriate annotations. Peer reviewers identify multiple critical issues: all CD4+ T cells incorrectly classified as Tregs, missing T-helper cells, and cytotoxic T cells expressing exhaustion markers, indicating problematic cell type definitions.",3.0,3.0,3,elife-97335,v1,1.0,3,3,Disagree
CMP10,R8,R5,Unsupported,Supported,MAJOR,MAJOR,Disagree,"Disagreement on claim C5 regarding BMP, FGF, and WNT pathway differences. OpenEval rates this UNSUPPORTED, stating the finding is not substantiated in results/figures and appears to be an overclaim. Peer reviewers include C5 with other novel findings (C31-C38) and rate as SUPPORTED, though they focus more on novel receptors than specific pathway analysis.",1.0,9.0,1,elife-90325,v1,0.1111111111111111,9,1,Disagree
CMP12,R17,R12,Supported,Unsupported,MAJOR,MAJOR,Disagree,"High overlap (C96-C98) on MAD1 mutation disrupting spindle checkpoint. OpenEval finds SUPPORTED based on citations and molecular dynamics showing substantial binding affinity differences, but notes computational predictions need experimental validation. Peer reviewers rate UNSUPPORTED, explicitly stating simulation data alone cannot support conclusions and requesting biochemical binding assays; authors acknowledge experiments are 'in progress.'",3.0,4.0,3,elife-95453,v1,0.75,4,3,Disagree
CMP14,R19,R12,Supported,Unsupported,MAJOR,MAJOR,Disagree,"Partial overlap (C20) - OpenEval R19 addresses overarching conclusion about MAD1 and TPRN as potential therapeutic targets. OpenEval finds SUPPORTED with appropriate 'potential' qualification. Peer R12 addresses MAD1 specifically (C96-C98, C20) and rates UNSUPPORTED due to lack of experimental validation for simulation-based claims.",1.0,4.0,1,elife-95453,v1,0.25,4,1,Disagree
CMP9,R9,R7,Supported,Unsupported,MAJOR,MAJOR,Disagree,"Both evaluate the overarching conclusions (C9, C136, C137). OpenEval finds the collective experimental evidence supports the proposed mechanism and rates SUPPORTED, noting appropriate use of 'may' for caution. Peer reviewers rate UNSUPPORTED, with the editor stating 'the evidence is incomplete, as much of it is correlative' and Reviewer 1 noting 'several mechanistic gaps' and that 'it cannot be ruled out that Engenol is uniquely mediating its effects through trpv1.'",3.0,3.0,3,elife-90724,v1,1.0,3,3,Disagree
CMP6,R5,R3,Supported,Unsupported,MAJOR,MAJOR,Disagree,"Both address metal-binding data (C63-C66). OpenEval finds MST assays provide quantitative binding constants with appropriate controls. Peer reviewers explicitly reject this as UNSUPPORTED, stating Cu(II) binding follows Irving-Williams series and is not physiologically relevant, noting true CsoR proteins respond to Cu(I) with affinities of 10^-18 M determined by competition assays.",4.0,6.0,4,elife-100914,v1,0.6666666666666666,6,4,Disagree
CMP7,R6,R4,Supported,Unsupported,MAJOR,MAJOR,Disagree,"Both evaluate DNA-binding and gene expression data (C10-C11, C67-C69, C72-C73). OpenEval acknowledges modest regulatory effects and appropriate discussion of limitations. Peer reviewers mark this UNSUPPORTED, stating protein concentrations exceed physiological ranges, wrong DNA target was used (should be PP_2970 not copA genes), and binding is likely non-specific.",7.0,13.0,7,elife-100914,v1,0.5384615384615384,13,7,Disagree
CMP10,R8,R3,Supported,Unsupported,MAJOR,MAJOR,Disagree,"OpenEval addresses C83 (CsoRC69A reduced copper binding) as part of mutation analysis. Peer reviewers' rejection of metal-binding data as UNSUPPORTED applies here, as they state Cu(II) binding measurements are not physiologically relevant for CsoR proteins.",4.0,6.0,1,elife-100914,v1,0.16666666666666666,6,4,Disagree
CMP15,R13,R3,Supported,Unsupported,MINOR,MAJOR,Disagree,"OpenEval evaluates EMSA with DTT and metal specificity (C74-C77) as SUPPORTED. Peer reviewers' UNSUPPORTED evaluation of metal-binding data applies here, as they reject Cu(II) measurements as physiologically irrelevant and state true CsoR proteins respond to Cu(I).",4.0,6.0,1,elife-100914,v1,0.16666666666666666,6,4,Disagree
CMP16,R13,R4,Supported,Unsupported,MINOR,MAJOR,Disagree,"OpenEval addresses EMSA metal specificity (C74, C76-C77). Peer reviewers' UNSUPPORTED evaluation of DNA-binding experiments applies, stating assays use non-physiological protein concentrations and wrong DNA targets, resulting in non-specific binding.",4.0,13.0,3,elife-100914,v1,0.23076923076923078,13,4,Disagree
CMP18,R14,R4,Supported,Unsupported,MINOR,MAJOR,Disagree,"OpenEval addresses gene expression data (C70) showing cheA deletion has no effect on copper-resistance genes. Peer reviewers incorporate this into their UNSUPPORTED evaluation of regulatory claims, noting lack of effect on copA gene expression is consistent with CueR (not CsoR) being the regulator.",2.0,13.0,1,elife-100914,v1,0.07692307692307693,13,2,Disagree
CMP19,R15,R4,Supported,Unsupported,MINOR,MAJOR,Disagree,"OpenEval evaluates broader metal-responsive regulatory functions (C71) as SUPPORTED but notes untested functional significance. Peer reviewers' UNSUPPORTED evaluation of DNA-binding and gene regulation applies here, given their concerns about non-specific binding and wrong regulatory targets.",1.0,13.0,1,elife-100914,v1,0.07692307692307693,13,1,Disagree
CMP21,R17,R8,Supported,Unsupported,MAJOR,MAJOR,Disagree,"Both evaluate the proposed regulatory model (C107-C110). OpenEval finds the model largely supported though some aspects are inferred. Peer reviewers explicitly state the data does NOT support the model (UNSUPPORTED), emphasizing PP_2969 is linked to Ni/Co (not Cu) resistance and results are inconsistent with published CsoR properties.",4.0,4.0,4,elife-100914,v1,1.0,4,4,Disagree
CMP9,R10,R5,Supported,Unsupported,MAJOR,MAJOR,Disagree,"Both address linking neural representation changes to behavioral learning (C26-C28, C30-C31). OpenEval finds SUPPORTED with strong correlations. Peer review rates UNSUPPORTED, identifying critical problems: correlation with cumulative rather than trial-by-trial gains, physical context confounds, and measures computed during practice not rest. Major disagreement.",3.0,5.0,3,elife-102475,v1,0.6,5,3,Disagree
CMP10,R11,R5,Supported,Unsupported,MAJOR,MAJOR,Disagree,"Both address within-subject analyses of contextualization-learning relationship (C30-C31). OpenEval finds SUPPORTED. Peer review rates UNSUPPORTED as part of broader critique (R5), questioning the appropriateness of the correlation measures and physical versus mental context confounds. Significant disagreement.",3.0,5.0,2,elife-102475,v1,0.4,5,3,Disagree
CMP14,R15,R11,Supported,Unsupported,MINOR,MAJOR,Disagree,"Both address alternative explanations for micro-offline gains (C40-C43, C44-C48). OpenEval finds SUPPORTED based on cited literature. Peer review rates UNSUPPORTED, with one reviewer directly challenging this, stating 'no compelling evidence that micro-offline gains reflect offline learning,' citing Das et al. (2024) showing these are 'transient performance benefits' that 'vanish within seconds.' Major disagreement.",4.0,9.0,4,elife-102475,v1,0.4444444444444444,9,4,Disagree
CMP15,R16,R11,Supported,Unsupported,MINOR,MAJOR,Disagree,"Both address neural replay evidence (C44-C48). OpenEval finds SUPPORTED based on cited studies showing progression from correlational to causal evidence. Peer review rates UNSUPPORTED as part of broader critique (R11), fundamentally challenging the micro-offline learning interpretation that underlies the replay hypothesis. Significant disagreement.",5.0,9.0,5,elife-102475,v1,0.5555555555555556,9,5,Disagree
CMP15,R17,R13,Supported,Unsupported,MINOR,MAJOR,Disagree,"Both address anatomical limitations (C107-C110, C128-C130). OpenEval rates SUPPORTED as 'thorough and honest assessment.' Peer reviewers rate UNSUPPORTED, identifying specific 'anatomical inaccuracies' including omission of MS projections to CA1 and CA3 feedback to MS. Disagreement: OpenEval accepts authors' acknowledgment while peer reviewers find the limitation inadequately addressed.",23.0,7.0,7,elife-87356,v1,0.30434782608695654,7,23,Disagree
CMP16,R17,R14,Supported,Unsupported,MINOR,MINOR,Disagree,"Both address lateral septum omission (C111-C112). OpenEval rates SUPPORTED as appropriately acknowledged limitation. Peer reviewers rate UNSUPPORTED, explicitly noting this as a significant gap given experimental evidence of lateral septum's importance in regulating hippocampal theta. Disagreement on adequacy of limitation acknowledgment.",23.0,2.0,2,elife-87356,v1,0.08695652173913043,2,23,Disagree
CMP17,R17,R15,Supported,Unsupported,MINOR,MAJOR,Disagree,"Both address cell type diversity limitations (C113-C116). OpenEval rates SUPPORTED as acknowledged limitation. Peer reviewers rate UNSUPPORTED, emphasizing this is 'particularly important' given that 'specific cell types, for example, OLM and VIP cells, are strongly implicated in TNGO.' Disagreement on severity of this limitation.",23.0,4.0,4,elife-87356,v1,0.17391304347826086,4,23,Disagree
CMP9,R11,R7,Unsupported,Supported,MAJOR,MAJOR,Disagree,"Major disagreement on diagnostic accuracy claims (C42, C88-C90). Peer reviewers strongly endorsed the 89% validation accuracy as 'compelling and comparable to other studies.' OpenEval rates discovery claims UNSUPPORTED, calling 100% discovery accuracy 'a major red flag suggesting overfitting' and noting lack of proper cross-validation, though acknowledges 89% validation is 'more realistic.'",4.0,7.0,4,elife-87369,v1,0.5714285714285714,7,4,Disagree
CMP3,R5,R3,Supported,Unsupported,MAJOR,MAJOR,Disagree,"Both evaluate the peptide-induced anergy model (claims C22-C26). OpenEval finds the data comprehensively support defective anergy development in Nrn1-/- cells. Peer reviewers find the claims unsupported, stating 'the authors assume that this immunization protocol induces anergic cells, but they provide no experimental evidence' and noting that lack of IL-2 could reflect fewer OVA-specific cells rather than anergic status.",6.0,5.0,5,elife-96812,v1,0.8333333333333334,5,6,Disagree
CMP6,R7,R6,Supported,Unsupported,MAJOR,MAJOR,Disagree,"Both evaluate claims C33-C38 about in vivo Treg suppression assays. OpenEval finds the data consistently support reduced Treg suppressive capacity across multiple readouts. Peer reviewers find the claims unsupported, raising critical concerns that low FOXP3+ percentages (5-15%) may reflect Tconv contamination, and that 'higher tumor rejection could be due to an overactivation of Nrn1-/- Tconvs (rather than a defect in Nrn1-/- Treg function).'",6.0,6.0,6,elife-96812,v1,1.0,6,6,Disagree
CMP10,R13,R2,Supported,Unsupported,MAJOR,MAJOR,Disagree,"Both address episodic memory interpretation (C101-C103, C165, C22, C96). OpenEval rates SUPPORTED, accepting the episodic memory framework with citations. Peer reviewers rate UNSUPPORTED, explicitly challenging the 'episodic' terminology and recommending its removal from the title, arguing the evidence doesn't support this interpretation.",6.0,6.0,3,elife-89601,v1,0.5,6,6,Disagree
CMP11,R13,R10,Supported,Unsupported,MAJOR,MAJOR,Disagree,"Both address arguments against simpler explanations (C106, C128). OpenEval rates SUPPORTED for the logical argument against priming. Peer reviewers rate UNSUPPORTED, explicitly stating this is 'an opinion, not a demonstration' and calling for control conditions to exclude perceptual association hypotheses.",6.0,2.0,1,elife-89601,v1,0.16666666666666666,2,6,Disagree
CMP14,R20,R2,Supported,Unsupported,MAJOR,MAJOR,Disagree,"Minimal overlap (C165). OpenEval rates SUPPORTED for contextualization within unconscious memory literature, though notes theoretical implications are somewhat overstated. Peer reviewers fundamentally challenge the episodic memory framing, rating UNSUPPORTED.",6.0,6.0,1,elife-89601,v1,0.16666666666666666,6,6,Disagree
CMP5,R5,R2,Supported,Unsupported,MAJOR,MAJOR,Disagree,"Both address activity clustering claims (C31, C54-C56, C61-C63). OpenEval finds evidence SUPPORTED with statistically significant correlations across multiple mice. Peer reviewers rate this UNSUPPORTED, challenging that clustering is not visually evident, noting very low correlation coefficients, and raising fundamental concerns that the in vivo dynamic range exceeds the sensor's validated range, casting doubt on specific activity detection.",5.0,7.0,5,elife-96848,v1,0.7142857142857143,7,5,Disagree
CMP6,R6,R2,Supported,Unsupported,MAJOR,MAJOR,Disagree,"OpenEval R6 addresses spatial correlation analysis (C32, C62-C63) finding it SUPPORTED. This overlaps with peer R2's evaluation of clustering claims, where reviewers find the evidence UNSUPPORTED due to lack of visual clustering, low correlation values, and concerns about sensor dynamic range.",3.0,7.0,2,elife-96848,v1,0.2857142857142857,7,3,Disagree
CMP8,R4,R4,Supported,Unsupported,MINOR,MAJOR,Disagree,"Both address DAPT validation experiments (C47-C50). OpenEval finds this SUPPORTED despite acknowledging unexpected FRET direction, considering it appropriate validation with cautious interpretation. Peer reviewers rate this UNSUPPORTED, identifying it as a critical validation failure that undermines the entire approach, noting it contradicts in vitro data and lacks mechanistic explanation.",5.0,7.0,4,elife-96848,v1,0.5714285714285714,7,5,Disagree
CMP9,R10,R4,Supported,Unsupported,MINOR,MAJOR,Disagree,"OpenEval R10 addresses FRET principles and interpretation of unexpected DAPT effects (C51-C53), finding the reasoning SUPPORTED as well-reasoned speculation. Peer R4 addresses overlapping claims about DAPT response, finding it UNSUPPORTED and mechanistically unclear, particularly questioning how orientation could dominate over distance in FRET.",3.0,7.0,3,elife-96848,v1,0.42857142857142855,7,3,Disagree
CMP10,R7,R3,Supported,Unsupported,MAJOR,MAJOR,Disagree,"OpenEval R7 includes interpretation claims (C67-C68) about mechanisms, finding them SUPPORTED as reasonable speculation. Peer R3 addresses these claims in context of physiological relevance, rating UNSUPPORTED due to lack of validation, questioning relevance of cell body measurements versus synaptic activity, and requiring disease model experiments.",5.0,4.0,2,elife-96848,v1,0.4,4,5,Disagree
CMP11,R6,R3,Supported,Unsupported,MAJOR,MAJOR,Disagree,"OpenEval R6 includes spatial analysis claim C32. Peer R3 addresses C32 in context of broader physiological relevance concerns (C4, C32, C67-C68), rating UNSUPPORTED and questioning what cell body gamma-secretase activity means biologically.",3.0,4.0,1,elife-96848,v1,0.25,4,3,Disagree
CMP1,R7,R5,Supported,Unsupported,MAJOR,MAJOR,Disagree,"Both address the core conclusion about AOR being a sampling artifact (C42-C44). OpenEval finds this interpretation SUPPORTED by converging evidence from meta-analysis and phylogenetic results. Peer reviewers find it UNSUPPORTED, stating results are 'inadequate to overturn the repeatedly confirmed abundancy-occupancy relationship' due to 'multiple unresolved confounding factors.' This represents the most fundamental disagreement.",3.0,3.0,3,elife-95857,v1,1.0,3,3,Disagree
CMP9,R11,R2,Unsupported,Supported,MAJOR,MAJOR,Disagree,"Strong disagreement on claims C74-C78 regarding confirmation of HLA-II associations. OpenEval rates these claims as UNSUPPORTED, stating the authors overstate findings and that claiming to 'confirm' associations is not justified by a single suggestive signal. In contrast, peer reviewers rate this as SUPPORTED, with the editor explicitly stating the study 'confirms the association between HLA-II region and TB susceptibility' and calling it a 'valuable study.'",5.0,12.0,2,elife-99200,v1,0.16666666666666666,12,5,Disagree
CMP18,R2,R11,Supported,Unsupported,MAJOR,MAJOR,Disagree,"OpenEval R2 includes C65 (hypomorphic allele characterization) and finds it supported. Peer R11 specifically challenges the 'loss-of-function' nomenclature as misleading, noting the allele behaves differently when homozygous vs heterozygous over deficiency. This represents a disagreement on appropriate genetic terminology and interpretation.",17.0,1.0,1,elife-98584,v1,0.058823529411764705,1,17,Disagree
CMP10,R7,R6,Supported,Unsupported,MAJOR,MAJOR,Disagree,"Strong disagreement on Notch signaling role (C13, C98-C101). OpenEval finds claims supported but notes lack of functional validation. Peer reviewer explicitly rejects the claim, stating it is 'not supported by actual evidence' and that CellPhoneDB inference and epigenome data are 'insufficient to justify this claim.'",5.0,5.0,5,elife-97958,v1,1.0,5,5,Disagree
CMP1,R8,R3,Supported,Unsupported,MAJOR,MAJOR,Disagree,"Both evaluate claims C32-C33 about residual sensitivity in highly confident non-noticers. OpenEval finds this SUPPORTED as strengthening the main finding, while peer reviewers find it UNSUPPORTED, arguing the result likely reflects measurement error from subjects who misunderstood confidence scales. This represents fundamental disagreement on data quality.",2.0,2.0,2,elife-100337,v1,1.0,2,2,Disagree
CMP2,R13,R6,Supported,Unsupported,MAJOR,MAJOR,Disagree,"Both address claims C8, C20, C62-C63 about theoretical implications challenging the orthodox view of IB. OpenEval finds these SUPPORTED (with caveats about interpretation), while peer reviewers find them UNSUPPORTED, characterizing the challenge as modest (~8% overestimate) rather than fundamental, and questioning whether above-chance performance proves conscious awareness versus subliminal processing.",4.0,5.0,4,elife-100337,v1,0.8,5,4,Disagree
CMP4,R3,R4,Supported,Unsupported,MINOR,MAJOR,Disagree,"Both address claims C4, C15-C17 about the theoretical motivation and critique of yes/no questions in prior IB research. OpenEval finds this SUPPORTED as well-grounded in psychophysics literature. Peer reviewers find it UNSUPPORTED, arguing the authors misrepresent the field by creating a straw-man, citing 18 studies (including some the authors cite) that use multiple questions rather than simple yes/no procedures.",7.0,7.0,4,elife-100337,v1,0.5714285714285714,7,7,Disagree
CMP5,R4,R4,Supported,Unsupported,MINOR,MAJOR,Disagree,"OpenEval R4 addresses claims C22, C46-C49 about methodological critiques of prior literature, finding them SUPPORTED. Peer R4 overlaps on C46-C48 but finds the characterization UNSUPPORTED, arguing it's a straw-man since most studies don't just use yes/no methods. This represents disagreement on how accurately the authors characterize existing literature.",5.0,7.0,3,elife-100337,v1,0.42857142857142855,7,5,Disagree
CMP7,R5,R5,Supported,Unsupported,MINOR,MINOR,Disagree,"OpenEval R5 includes claim C42 about adherence to canonical paradigms as SUPPORTED. Peer R5 addresses C42-C43 about lack of control conditions, finding this UNSUPPORTED with weak justification, arguing control trials are important for validating IB and ensuring stimuli detectability when attended. This represents disagreement on experimental design adequacy.",7.0,2.0,1,elife-100337,v1,0.14285714285714285,2,7,Disagree
CMP12,R12,R11,Unsupported,Supported,MINOR,MINOR,Disagree,"Both address sperm quality biomarker potential (C4, C130). OpenEval rates UNSUPPORTED, noting lack of validation with clinical outcomes or quality metrics. Peer reviewers implicitly SUPPORT the potential utility, noting work is 'of interest' and acknowledging speculative nature. Different standards for evaluating speculative claims.",2.0,3.0,2,elife-87115,v1,0.6666666666666666,3,2,Disagree
CMP2,R7,R1,Supported,Unsupported,MAJOR,MAJOR,Disagree,"Both address JNK inhibitor combination experiments (C23, C24, C25). OpenEval rates SUPPORTED, viewing experimental validation as confirming computational predictions. Peer reviewers rate UNSUPPORTED, arguing that combination shows no benefit beyond JNKi alone and lacks proper synergy analysis. Major disagreement on interpretation of same data.",6.0,3.0,3,elife-90532,v1,0.5,3,6,Disagree
CMP15,R1,R10,Supported,Unsupported,MINOR,MAJOR,Disagree,"OpenEval evaluates comprehensive methods including delayed response design (C23: no motor confounds). Peer R10 specifically rates C23 as UNSUPPORTED, with Reviewer 2 noting verbal responses involve facial muscle activation and Reviewer 1 noting inability to fully exclude motor preparatory processing. Direct disagreement on whether motor confounds are adequately controlled.",25.0,1.0,1,elife-95272,v1,0.04,1,25,Disagree
CMP3,R3,R3,Supported,Unsupported,MAJOR,MAJOR,Disagree,"Both evaluate bipolar cell deficits (C6, C26-C29, C31, C59, C99). OpenEval rates it SUPPORTED with acknowledgment that mechanistic links are inferential. Peer reviewers rate it UNSUPPORTED, explicitly stating authors have not performed cell counts to distinguish between fewer cells versus decreased marker expression, and raising concerns about Western blot saturation. Major disagreement on evidential sufficiency.",9.0,8.0,8,elife-91289,v1,0.8888888888888888,8,9,Disagree
CMP16,R18,R12,Unsupported,Supported,MAJOR,MAJOR,Disagree,"Major disagreement on claims C102, C126 regarding provision of therapeutic strategies. OpenEval rates as UNSUPPORTED, noting no actual therapeutic interventions or clinical validation are presented. Peer review rates as SUPPORTED, accepting that findings 'provide a potential treatment strategy.'",2.0,6.0,2,elife-98903,v1,0.3333333333333333,6,2,Disagree
CMP1,R1,R1,Supported,Unsupported,MAJOR,MAJOR,Disagree,"Both address claims C33-C35 about intracellular Aβ/APP in VIP-INs, but reach opposite conclusions. OpenEval finds the claims SUPPORTED by immunohistochemistry data, while the peer reviewer finds them UNSUPPORTED, explicitly challenging that 6E10 staining shows APP/C99 rather than intracellular Aβ, noting this interpretation is controversial and lacks original supporting data.",3.0,3.0,3,elife-95412,v1,1.0,3,3,Disagree
CMP9,R7,R8,Supported,Unsupported,MAJOR,MAJOR,Disagree,"Partial overlap on claims C71-C72 about VGAT bouton density. OpenEval finds these SUPPORTED as part of broader evidence that connectivity is preserved. The peer reviewer finds these UNSUPPORTED, stating that confocal microscopy of 70 micron sections cannot adequately resolve synaptic terminals and recommends removing the data or discussing limitations.",10.0,2.0,2,elife-95412,v1,0.2,2,10,Disagree
CMP20,R13,R18,Supported,Unsupported,MAJOR,MAJOR,Disagree,"Both address claim C99 about intracellular Aβ/APP in I-S3 cells with preserved structure. OpenEval finds this SUPPORTED as a summary integrating immunohistochemistry and morphological data. The peer reviewer finds this UNSUPPORTED, challenging the 'intracellular Aβ' interpretation and stating the staining shows APP/C99, not Aβ accumulations, with no original supporting data.",1.0,1.0,1,elife-95412,v1,1.0,1,1,Disagree
CMP21,R14,R19,Unsupported,Supported,MAJOR,MAJOR,Disagree,"Partial overlap on claims C111 and C124 about mechanistic explanations. OpenEval finds these UNSUPPORTED as speculative hypotheses lacking experimental validation. The peer reviewer finds the broader concept (including C13) SUPPORTED as fundamental findings about disinhibitory modulation, though they appear to be evaluating the descriptive findings rather than the mechanistic speculation.",8.0,3.0,2,elife-95412,v1,0.25,3,8,Disagree
CMP11,R5,R4,Supported,Unsupported,MAJOR,MAJOR,Disagree,"Both address epigenetic changes claims (C74-C76). OpenEval supports the progression to epigenetic changes in EOD based on pathway enrichment, while peer review explicitly challenges this as unsupported since chromatin or gene expression were not directly measured.",9.0,3.0,3,elife-89214,v1,0.3333333333333333,3,9,Disagree
CMP9,R9,R7,Supported,Unsupported,MAJOR,MAJOR,Disagree,"Major disagreement on main conclusion about NS1 oligomeric state (C71-C75). OpenEval rates SUPPORTED, accepting the dimer-HDL model while acknowledging purification limitations. Peer reviewers rate UNSUPPORTED, with Reviewer 2 stating the conclusion is 'inconsistent' with their own data showing 2 dimers per HDL, and Reviewer 1 stating the main conclusion 'is not supported by the data' due to single antibody methodology.",5.0,5.0,5,elife-90762,v1,1.0,5,5,Disagree
CMP16,R19,R7,Supported,Unsupported,MAJOR,MAJOR,Disagree,"Both evaluate main conclusions (C111-C112). OpenEval finds the model SUPPORTED by multiple lines of evidence despite limitations in cell-specific approaches. Peer reviewers rate as UNSUPPORTED: the editor states 'there is not yet direct evidence for a CD131-mediated mechanism,' Reviewer 3 emphasizes evidence is 'circumstantial and not direct' requiring cell-specific experiments, and Reviewer 2 notes 'lack of supporting evidence for core arguments' due to absent mechanistic data.",2.0,2.0,2,elife-102637,v1,1.0,2,2,Disagree
CMP18,R18,R6,Supported,Unsupported,MAJOR,MAJOR,Disagree,"Divergent evaluations of resistance evolution positive control (C82-C83). OpenEval rates SUPPORTED based on experimental evolution data. Peer review rates overall resistance claims UNSUPPORTED, questioning interpretation methodology.",2.0,24.0,2,elife-92493,v1,0.08333333333333333,24,2,Disagree
CMP19,R19,R6,Supported,Unsupported,MAJOR,MAJOR,Disagree,"Major disagreement on population-level resistance (C84-C85). OpenEval rates SUPPORTED based on lack of growth increases. Peer review rates UNSUPPORTED, stating 'the bacteria did not grow better after selection' but questioning the conclusion, noting 'they then use the mean value of these individuals to conclude that there is no difference from the ancestor. This seems incorrect.'",2.0,24.0,2,elife-92493,v1,0.08333333333333333,24,2,Disagree
CMP20,R20,R6,Supported,Unsupported,MAJOR,MAJOR,Disagree,"Divergent evaluations of clonal screening (C86-C90). OpenEval rates SUPPORTED, noting species-specific resistance potential. Peer review rates UNSUPPORTED, criticizing methodology of comparing group means rather than identifying individual resistant clones.",5.0,24.0,5,elife-92493,v1,0.20833333333333334,24,5,Disagree
CMP21,R21,R6,Supported,Unsupported,MAJOR,MAJOR,Disagree,"Divergent evaluations of mutation analysis (C91-C94). OpenEval rates SUPPORTED based on sequencing and growth correlation. Peer review rates UNSUPPORTED, stating 'Figure S10 does not seem to support the findings reported in line 417.'",4.0,24.0,4,elife-92493,v1,0.16666666666666666,24,4,Disagree
CMP22,R22,R6,Supported,Unsupported,MAJOR,MAJOR,Disagree,"Divergent evaluations of mutation functional analysis (C95-C97, C101). OpenEval rates SUPPORTED based on whole-genome sequencing. Peer review's UNSUPPORTED rating for resistance evolution extends to these mechanistic interpretations.",4.0,24.0,4,elife-92493,v1,0.16666666666666666,24,4,Disagree
CMP23,R23,R6,Supported,Unsupported,MAJOR,MAJOR,Disagree,"Divergent evaluations of virulence gene loss (C98-C100, C103). OpenEval rates SUPPORTED with appropriate caveats about speculation. Peer review's UNSUPPORTED rating for resistance claims undermines confidence in these interpretations.",4.0,24.0,4,elife-92493,v1,0.16666666666666666,24,4,Disagree
CMP24,R24,R6,Supported,Unsupported,MAJOR,MAJOR,Disagree,Divergent evaluations of minimal adaptation in A. baumannii and K. pneumoniae (C102). OpenEval rates SUPPORTED as important negative result. Peer review questions the overall resistance evolution methodology and interpretation.,1.0,24.0,1,elife-92493,v1,0.041666666666666664,24,1,Disagree
CMP11,R10,R11,Supported,Unsupported,MINOR,MAJOR,Disagree,"Both evaluate claim C68 regarding STAMBPL1 expression elevation in TNBC. OpenEval finds this SUPPORTED by database analysis showing significant differences between TNBC and non-TNBC, noting expression is specifically elevated in TNBC versus non-TNBC. Peer review rates this UNSUPPORTED, with Reviewer 3 explicitly challenging that STAMBPL1 and GRHL3 are not higher in breast cancer than adjacent normal tissues, and differences between TNBC and non-TNBC are not dramatic enough to support tumor-promoting function.",1.0,1.0,1,elife-102433,v1,1.0,1,1,Disagree
CMP11,R2,R12,Supported,Unsupported,MAJOR,MAJOR,Disagree,"Both evaluate central hypothesis and conclusions (C39, C86-C88 in OpenEval; C39, C87-C88 in peer review). Major disagreement: OpenEval finds SUPPORTED based on integration of experimental and modeling data. Peer reviewers find UNSUPPORTED, explicitly stating 'conclusions...with regard to the role of these changes in ion channels and to their implications for the LH surge, are not fully supported' due to lack of physiological conditions approximating estrous cycle.",6.0,3.0,3,elife-96691,v1,0.5,3,6,Disagree
CMP2,R11,R7,Supported,Unsupported,MINOR,MAJOR,Disagree,"Strong disagreement on claims C87-C89 regarding DUX4 expression thresholds. OpenEval finds the methodological decisions supported and reasonable, while peer reviewers (R1 and R3) find them UNSUPPORTED, criticizing inconsistent thresholds across analyses, exclusion of 126 intermediate patients, and lack of prospective rationale.",3.0,3.0,3,elife-89017,v1,1.0,3,3,Disagree
CMP6,R6,R6,Supported,Unsupported,MAJOR,MAJOR,Disagree,"Both evaluate claims C16-C17, C71 about lack of myeloid gene enrichment in aged LT-HSCs. OpenEval finds this SUPPORTED by RNA-seq and GSEA data. Peer reviewers find this UNSUPPORTED, with Reviewer 1 identifying a logical inconsistency: if ST-HSCs lack lymphoid enrichment, 'it is hard to understand how aged bulk HSCs have more myeloid gene set enrichment,' suggesting the molecular data do not definitively rule out lineage bias in LT-HSCs.",3.0,3.0,3,elife-95880,v1,1.0,3,3,Disagree
CMP11,R11,R13,Supported,Unsupported,MAJOR,MAJOR,Disagree,"Both evaluate the study's main conclusion (C26, C68) that myeloid bias results from altered HSC subset ratios rather than clonal selection. OpenEval finds this SUPPORTED by convergence of multiple lines of evidence. Peer reviewers find this UNSUPPORTED, with the editor stating 'current results remain incomplete,' Reviewer 2 concluding the data 'do not convincingly challenge the current paradigm,' and Reviewer 3 noting 'such a strong claim needs to be supported by solid experimental data.'",2.0,1.0,1,elife-95880,v1,0.5,1,2,Disagree
CMP10,R9,R8,Unsupported,Supported,MINOR,MAJOR,Disagree,"Disagreement on generalizability claims (C15, C89, C91). OpenEval rates UNSUPPORTED, noting these are untested hypotheses for other insects and explicitly acknowledging lack of supporting evidence. Peer reviewers rate SUPPORTED, with editor endorsing broader applicability and Reviewer 2 emphasizing 'generality and applicability to any other invertebrate species.' Major divergence on evaluating speculative vs. demonstrated claims.",6.0,3.0,3,elife-87928,v1,0.5,3,6,Disagree
CMP19,R27,R14,Supported,Unsupported,MINOR,MAJOR,Disagree,"Both address identical claims (C123-C126) about prior work on intracellular Aβ accumulation. OpenEval finds SUPPORTED by extensive citations providing important context. Peer review rates UNSUPPORTED, with Reviewer 2 'disappointed' that authors failed to adequately contextualize findings with prior nuclear Aβ pathology literature (Pensalfini 2014, Lee 2022), stating discussion 'misrepresents' previous findings and requesting additional experiments on intranuclear amyloid.",4.0,4.0,4,elife-92069,v1,1.0,4,4,Disagree
CMP5,R4,R5,Supported,Unsupported,MAJOR,MAJOR,Disagree,"OpenEval R4 includes C32 (in situ hybridization showing miR-99b-3p in osteocytes) as part of supported evidence. Peer R5 specifically evaluates C32 as unsupported, stating the supplementary figure data is not convincing with difficult-to-see positive cells and osteocytes lacking nuclei. Clear disagreement on quality of this specific dataset.",6.0,1.0,1,elife-89613,v1,0.16666666666666666,1,6,Disagree
CMP11,R17,R9,Unsupported,Supported,MINOR,MINOR,Disagree,"Agreement that therapeutic claims (C12) are speculative but valuable. OpenEval explicitly marks this as unsupported by current data, appropriate as future direction. Peer reviewers view this positively as offering 'new opportunity to recover P53 function' but implicitly acknowledge the speculative nature.",1.0,2.0,1,elife-106469,v1,0.5,2,1,Disagree
CMP14,R11,R14,Supported,Unsupported,MINOR,MAJOR,Disagree,"Perfect claim overlap (C80-C81) on absence of histological changes. Major disagreement in interpretation: OpenEval rates SUPPORTED, acknowledging this as a study limitation with 4-week period too short for structural changes. Peer review rates UNSUPPORTED with Reviewer 3 viewing lack of histologic injury as major problem undermining the model rather than acceptable limitation.",2.0,2.0,2,elife-98766,v1,1.0,2,2,Disagree
CMP18,R21,R9,Supported,Unsupported,MINOR,MAJOR,Disagree,"Both evaluate colocalization data (C143-C144). OpenEval finds random colocalization reasonable given potential transient interactions, though speculative. Peer Reviewer 1 explicitly criticized imaging as 'too noisy and no clear conclusions can be made' and stated 'kiss and go model...without two colour imaging of both proteins at the same time, the claims are much stronger than the evidence,' marking this UNSUPPORTED.",2.0,2.0,2,elife-90309,v1,1.0,2,2,Disagree
CMP13,R13,R11,Supported,Unsupported,MINOR,MAJOR,Disagree,"Both evaluate the failed co-IP experiment (C113). OpenEval finds this SUPPORTED as an appropriately reported negative result consistent with weak/transient interaction. Peer reviewers find this UNSUPPORTED, viewing the negative result as problematic for interaction claims and undermining confidence in NanoBiT data, necessitating additional validation experiments.",1.0,1.0,1,elife-102852,v1,1.0,1,1,Disagree
CMP2,R7,R3,Supported,Unsupported,MINOR,MAJOR,Disagree,"Strong disagreement on model limitations (C58-C61). OpenEval rates these claims as SUPPORTED, viewing the honest assessment of CAF mismatches as strengthening the evaluation. Peer reviewers rate them UNSUPPORTED, viewing the CAF mismatch as a fundamental failure: 'conflict effects on behavioral data are well-established and typically considered crucial...these parts of the data don't fit well with the proposed model.'",4.0,4.0,4,elife-98351,v1,1.0,4,4,Disagree
CMP3,R11,R6,Supported,Unsupported,MAJOR,MAJOR,Disagree,"Fundamental disagreement on orthogonalization mechanism (C5, C84-C92). OpenEval finds the representational geometry explanation SUPPORTED with 'methodologically sound' analysis and significant correlations. Peer reviewers rate it UNSUPPORTED, arguing 'the proposed representational geometry explanation is therefore limited' and suggesting temporal dynamics rather than spatial orthogonalization may explain effects.",9.0,10.0,9,elife-98351,v1,0.9,10,9,Disagree
CMP2,R1,R2,Supported,Unsupported,MAJOR,MAJOR,Disagree,"OpenEval R1 includes in vitro C2C12 senescence markers (C16-C21) as part of comprehensive SUPPORTED evaluation. Peer R2 rates these same claims UNSUPPORTED, fundamentally questioning C2C12 as a senescence model due to deleted p16/p19 locus and immortalized nature, recommending primary myoblasts instead.",11.0,6.0,6,elife-95229,v1,0.5454545454545454,6,11,Disagree
CMP11,R10,R10,Supported,Unsupported,MAJOR,MAJOR,Disagree,"Both evaluate C184S rescue of differentiation (C63-C66). OpenEval rates SUPPORTED but notes incomplete rescue. Peer reviewers rate UNSUPPORTED, identifying fundamental flaw: overexpression doesn't account for endogenous HRas; knockout/knockdown or knock-in mutations needed to definitively establish C184 dependence.",4.0,7.0,4,elife-95229,v1,0.5714285714285714,7,4,Disagree
CMP14,R12,R10,Supported,Unsupported,MAJOR,MAJOR,Disagree,OpenEval R12 includes integrated conclusion about mechanism (C89). Peer R10 includes C89 in evaluation of rescue experiments rated UNSUPPORTED due to overexpression approach limitations. Both recognize gaps in establishing causal chain.,4.0,7.0,1,elife-95229,v1,0.14285714285714285,7,4,Disagree
CMP7,R7,R7,Supported,Unsupported,MAJOR,MAJOR,Disagree,"Both evaluate main ecological conclusions (C40-C41, C93-C94, C97, C103, C120, C125, C140-C141). OpenEval finds core findings well-supported though some claims are appropriately qualified (SUPPORTED), while peer reviewers explicitly state incomplete evidence for claims about positive interactions, note discussion adds little, and question advance in ecological understanding (UNSUPPORTED). Strongest disagreement on overall conclusions.",10.0,10.0,10,elife-92457,v1,1.0,10,10,Disagree
CMP1,R15,R1,Supported,Unsupported,MINOR,MAJOR,Disagree,"Both evaluate ThT as a membrane potential reporter (C36, C41, C43). OpenEval finds the methodological validation SUPPORTED by multiple dyes and controls. Peer reviewers find it UNSUPPORTED, fundamentally challenging whether ThT acts as a Nernstian dye in E. coli and noting incomplete controls and contradictions with published work.",4.0,4.0,3,elife-92525,v1,0.75,4,4,Disagree
CMP3,R5,R3,Supported,Unsupported,MAJOR,MAJOR,Disagree,"Both evaluate wavefront propagation claims (C49-C54). OpenEval finds SUPPORTED by time-lapse microscopy showing bidirectional wavefront movement. Peer reviewers find UNSUPPORTED, explicitly stating they cannot identify traveling wavefronts in the data and observe cells brightening in tandem rather than propagating signals.",8.0,7.0,6,elife-92525,v1,0.75,7,8,Disagree
CMP6,R8,R6,Supported,Unsupported,MAJOR,MAJOR,Disagree,"Both assess protective role claims via LiveDead assay (C77-C80, C144). OpenEval finds SUPPORTED by PI staining showing ~4.5-fold difference. Peer reviewers find UNSUPPORTED, noting absence of critical negative controls (PI staining without blue light, experiments without ThT) and concerns about PI uptake confounds.",5.0,5.0,5,elife-92525,v1,1.0,5,5,Disagree
CMP9,R10,R9,Supported,Unsupported,MAJOR,MAJOR,Disagree,"Both evaluate the Hodgkin-Huxley model predictions (C85, C88-C92, C128-C129). OpenEval finds SUPPORTED by model matching experimental data. Peer reviewers find UNSUPPORTED, extensively critiquing the lack of empirical basis for model parameters (why n^4, gqz^4 forms) and noting the model should be compared to single-cell rather than biofilm data.",9.0,8.0,8,elife-92525,v1,0.8888888888888888,8,9,Disagree
CMP14,R20,R13,Supported,Unsupported,MINOR,MAJOR,Disagree,"Both address novelty claims about Gram-negative bacteria (C149, and C24 in peer review). OpenEval finds SUPPORTED regarding ABFDF model advantages. Peer reviewers find the novelty claim UNSUPPORTED, directly contradicting the 'first' claim by citing Hennes et al. (2023) reporting collective electrical oscillations in N. gonorrhoeae.",2.0,5.0,1,elife-92525,v1,0.2,5,2,Disagree
CMP9,R8,R8,Supported,Unsupported,MAJOR,MAJOR,Disagree,"Both specifically evaluate mechanistic interpretation (C60). OpenEval supports the causal link but notes precise synaptic mechanisms remain uncertain and go beyond behavioral data. Peer reviewer rates UNSUPPORTED, explicitly stating experiments 'do not provide significant insight into...the function of the hippocampal to retrosplenial cortex connection.'",4.0,1.0,1,elife-96515,v1,0.25,1,4,Disagree
CMP8,R10,R7,Supported,Unsupported,MAJOR,MAJOR,Disagree,"Both evaluate claims about mapping task ruling out attention-based explanations (C99-C100). OpenEval finds SUPPORTED, arguing mapping analysis provides evidence against alternative explanations. Peer review rates UNSUPPORTED, directly challenging this interpretation: above-chance mapping performance doesn't necessarily demonstrate dimensional separability understanding, as it could reflect whole-stimulus memorization rather than dimensional decomposition.",4.0,2.0,2,elife-93636,v1,0.5,2,4,Disagree
CMP2,R2,R2,Supported,Unsupported,MAJOR,MAJOR,Disagree,"Both evaluate claims C48-C51 about neural-specific Cre lines and exclusion of neural cell-autonomous mechanisms. OpenEval finds this SUPPORTED with clear negative results. Peer reviewers rate this UNSUPPORTED, arguing that NestinCre and Emx1Cre target the same cell types with only one day difference in expression timing, and that there is insufficient evidence to exclude neural cell lineage responsibility for the phenotype.",4.0,4.0,4,elife-100446,v1,1.0,4,4,Disagree
CMP6,R6,R6,Supported,Unsupported,MAJOR,MAJOR,Disagree,"Both evaluate claim C81 about APP and Ric8a being in the same pathway (OpenEval also includes C67-C72 on phenotypic similarity and mechanistic links). OpenEval finds this SUPPORTED based on phenotypic similarity, G-alpha protein depletion, and known APP-G-alpha interactions. Peer reviewers rate this UNSUPPORTED, explicitly stating that similarities between mutants are not enough evidence to claim they are in the same pathway.",7.0,1.0,1,elife-100446,v1,0.14285714285714285,1,7,Disagree
CMP5,R12,R4,Supported,Unsupported,MAJOR,MAJOR,Disagree,"Both address multi-animal tracking claims (C33, C76-C80). OpenEval finds SUPPORTED by quantitative results in Figure 8C-F with substantial improvements. Peer reviewers rate UNSUPPORTED, explicitly criticizing lack of proper multi-animal validation, noting poor pose estimation in actual videos and absence of comparison with DLC/SLEAP multi-animal modes.",7.0,6.0,6,elife-95709,v1,0.8571428571428571,6,7,Disagree
CMP12,R12,R9,Supported,Unsupported,MAJOR,MAJOR,Disagree,"Both evaluate claims about Q-nMT disassembly timing and cell cycle re-entry (C6, C31, C120-C125). OpenEval finds SUPPORTED by time-lapse imaging and quantification. Peer review rates UNSUPPORTED, with Reviewer 3 explicitly stating 'the claim that the Q-nMT functions as a checkpoint effector that inhibits re-entry into the cell cycle' is not supported, suggesting correlation but not causation.",8.0,8.0,8,elife-89958,v1,1.0,8,8,Disagree
CMP14,R13,R3,Supported,Unsupported,MAJOR,MAJOR,Disagree,"Both evaluate viability and fitness consequences of Q-nMT defects (C52-C53, plus C18-C19, C78). OpenEval finds SUPPORTED by viability assays establishing physiological importance. Peer review rates UNSUPPORTED, with Reviewer 1 explicitly stating 'evidence shown are insufficient to provide a direct link between defects in cell viability and aberrant Q-nMT formation.'",5.0,5.0,2,elife-89958,v1,0.4,5,5,Disagree
CMP16,R15,R3,Supported,Unsupported,MINOR,MAJOR,Disagree,"Both reference Q-nMT structure, function, and physiological importance (C1, C11-C19). OpenEval finds SUPPORTED based on prior work and current viability data. Peer review partially overlaps (C18-C19, C78) in R3 rated UNSUPPORTED, challenging the direct link between Q-nMT defects and viability.",10.0,5.0,2,elife-89958,v1,0.2,5,10,Disagree
CMP19,R18,R3,Supported,Unsupported,MINOR,MAJOR,Disagree,"Both address chronological aging viability (C78, C87). OpenEval finds SUPPORTED by viability assays showing reduced survival. Peer review rates UNSUPPORTED as part of broader challenge to linking Q-nMT defects directly to viability outcomes.",2.0,5.0,1,elife-89958,v1,0.2,5,2,Disagree
CMP10,R10,R8,Supported,Unsupported,MINOR,MAJOR,Disagree,"Strong disagreement. OpenEval finds claims C53-C54 about stretch-sensing SUPPORTED as reasonable inference from anatomical proximity, though notes direct demonstration would strengthen it. Peer reviewers find this UNSUPPORTED, explicitly stating 'Proximity between md-C neurons and muscles is not evidence that they sense stretch.'",2.0,2.0,2,elife-88614,v1,1.0,2,2,Disagree
CMP26,R24,R16,Supported,Unsupported,MAJOR,MAJOR,Disagree,"OpenEval addresses C147-C154 including claims about developmental requirements (C153-C154). Peer R16 addresses C153-C158 and rates UNSUPPORTED, with Reviewer 1 directly challenging the assertion that 'late-onset phenotypes observed in the knockout mice over time is attributed to the metabolic defects arising from the loss of PTPMT1 in the embryos,' explicitly requesting developmental histology or inducible Cre drivers to validate claims.",8.0,6.0,2,elife-86944,v1,0.25,6,8,Disagree
CMP27,R25,R16,Supported,Unsupported,MAJOR,MAJOR,Disagree,"Both address claims C155-C158 about temporal progression and compensatory mechanisms. OpenEval finds claims SUPPORTED as reasonable inferences though some causal relationships are inferred. Peer review rates UNSUPPORTED, with Reviewer 1 demanding validation that effects are not developmental in nature through 'detailed developmental assessment' or 'inducible cre drivers.'",4.0,6.0,4,elife-86944,v1,0.6666666666666666,6,4,Disagree
CMP9,R9,R8,Supported,Unsupported,MAJOR,MINOR,Disagree,"Major disagreement on comparison with non-Tregs (C54). OpenEval supports phenotypic comparisons as data-supported. Peer reviewers rate as UNSUPPORTED, explicitly criticizing that 'the authors do not compare the frequency of dual TCR co-expression by Tregs with non-Tregs' and find the response to this criticism 'non-responsive.'",3.0,1.0,1,elife-105504,v1,0.3333333333333333,1,3,Disagree
CMP22,R18,R13,Supported,Unsupported,MAJOR,MAJOR,Disagree,"Major disagreement on novelty claims (C107, C111-C113). OpenEval supports the novelty claim as valid given comprehensive analysis. Peer reviewers rate as UNSUPPORTED, explicitly challenging that 'the existence of dual TCR expression by Tregs has previously been demonstrated' and criticizing 'the focus on self-citation.'",7.0,4.0,4,elife-105504,v1,0.5714285714285714,4,7,Disagree
CMP5,R1,R5,Supported,Unsupported,MAJOR,MAJOR,Disagree,"Critical disagreement on TAIJI comparison fairness (C47). OpenEval supports the comparison as fair since 'both methods use only molecular data.' Peer reviewer rates as UNSUPPORTED, stating 'TAJI was designed to use both monotherapy drug-response and molecular data' and removing this 'likely won't be able to reach maximum potential,' challenging whether DIPx superiority is valid.",14.0,5.0,1,elife-100071,v1,0.07142857142857142,5,14,Disagree
CMP1,R11,R2,Supported,Unsupported,MAJOR,MAJOR,Disagree,"Both evaluate the conceptual framework and utilities (C53-C57, C63-C64). OpenEval finds it SUPPORTED with sound theoretical foundation, while peer reviewers find it UNSUPPORTED, stating the concept is 'not reproducibly described' and 'inadequate for hypothesis testing.' This represents a fundamental disagreement on the validity of the proposed framework.",7.0,7.0,7,elife-98073,v1,1.0,7,7,Disagree
CMP3,R12,R7,Supported,Unsupported,MINOR,MINOR,Disagree,"Both evaluate practical applicability claims (C58-C60). OpenEval finds them SUPPORTED with reasonable proposed solutions, though noting empirical validation is needed. Peer reviewers find them UNSUPPORTED, explicitly questioning 'how can partial density monoculture yield experimentally be assessed?' indicating the workaround is inadequately explained.",3.0,3.0,3,elife-98073,v1,1.0,3,3,Disagree
CMP5,R8,R6,Supported,Unsupported,MAJOR,MAJOR,Disagree,"Both evaluate the reinterpretation of additive partitioning and competitive interactions (C36-C42). OpenEval finds claims SUPPORTED by empirical patterns from both systems. Peer reviewers find them UNSUPPORTED, stating authors 'misinterpret current research' and that analysis methods are 'inadequate for hypothesis testing.' Major disagreement on validity of reinterpretation.",9.0,7.0,7,elife-98073,v1,0.7777777777777778,7,9,Disagree
CMP8,R2,R1,Supported,Unsupported,MAJOR,MAJOR,Disagree,"Both address critique of existing methods (C4, C8 overlap, plus C43-C44, C61-C62 in peer review). OpenEval finds the critique SUPPORTED by citations and logical reasoning (C4-C8). Peer reviewers find it UNSUPPORTED, explicitly stating 'the authors misinterpret current research in the field' and rejecting the premise that commonly used analyses are fundamentally flawed.",5.0,6.0,2,elife-98073,v1,0.3333333333333333,6,5,Disagree
CMP9,R13,R1,Supported,Unsupported,MAJOR,MAJOR,Disagree,"OpenEval R13 addresses critical analysis of common assumptions (C61-C62), finding it SUPPORTED. Peer R1 includes these claims in broader critique evaluation, finding them UNSUPPORTED as part of the authors' misinterpretation of current research. Disagreement on validity of the distinction between resource pool-based and monoculture yield-based definitions.",2.0,6.0,2,elife-98073,v1,0.3333333333333333,6,2,Disagree
CMP18,R14,R9,Supported,Unsupported,MAJOR,MAJOR,Disagree,"Both address major mechanistic conclusions (C78, C80, C83-C84). OpenEval finds evidence strong with convergent data but notes causation claims remain inferential. Peer reviewers rate as UNSUPPORTED, explicitly stating 'main conceptual claims...appear insufficiently justified' and 'corresponding informative experimental approaches are missing - most importantly direct measurements of transport activity.'",7.0,6.0,4,elife-86972,v1,0.5714285714285714,6,7,Disagree
CMP12,R17,R12,Supported,Unsupported,MINOR,MAJOR,Disagree,"Both address FM-dye methodology advantages (C43). OpenEval rates SUPPORTED, endorsing advantages over electrophysiology and synaptopHluorin. Peer reviewers rate UNSUPPORTED, directly challenging the claim by stating 'Bulk imaging of FM de-staining does not really measure the fraction of non-stained vesicles' and noting the approach is 'blind' to many processes.",4.0,1.0,1,elife-88212,v1,0.25,1,4,Disagree
CMP15,R15,R10,Unsupported,Supported,MINOR,MINOR,Disagree,"Significant disagreement on compensatory mechanism claims (C145-C147). OpenEval finds these speculative and requiring additional experiments (UNSUPPORTED). Peer reviewers accept as reasonable speculation, noting discussion is 'descriptive and cautious' (SUPPORTED). Different standards for speculative mechanistic claims.",3.0,7.0,3,elife-96926,v1,0.42857142857142855,7,3,Disagree
CMP9,R8,R9,Unsupported,Supported,MINOR,MINOR,Disagree,"Both address mechanistic claims about dimeric R25CPTH(1-34) (C58-C63). OpenEval rates UNSUPPORTED due to reliance on unpublished data and speculation without validation. Peer reviewers rate SUPPORTED, accepting this interpretive framework as background context rather than primary experimental claims, with no challenges raised.",6.0,13.0,6,elife-93830,v1,0.46153846153846156,13,6,Disagree
CMP10,R9,R9,Unsupported,Supported,MINOR,MINOR,Disagree,"Both evaluate speculative therapeutic implications (C64-C65, C67, C70-C71). OpenEval rates UNSUPPORTED, noting claims are largely speculative and require experimental validation. Peer reviewers rate SUPPORTED, implicitly accepting this interpretive framework as discussion rather than primary claims requiring direct experimental support.",5.0,13.0,5,elife-93830,v1,0.38461538461538464,13,5,Disagree
CMP1,R19,R1,Supported,Unsupported,MAJOR,MAJOR,Disagree,"Both address the main novelty claim (C84, C126, C132). OpenEval finds the conclusions SUPPORTED and appropriately qualified, while peer reviewers strongly challenge novelty, stating VH is 'similar to distractor heterogeneity' and 'an unnecessary term'. Major disagreement on whether VH represents a genuinely novel concept.",3.0,4.0,1,elife-93033,v1,0.25,4,3,Disagree
CMP3,R8,R3,Supported,Unsupported,MAJOR,MAJOR,Disagree,"Both address VH neural localization claims (C47, C48, C71, C72, C107, C109). OpenEval finds SUPPORTED with appropriate searchlight analysis and cross-validation. Peer reviewers rate UNSUPPORTED due to poor overlap between VH regions across experiments, stating 'VHsymmetry and VHdetection are nearly non-overlapping' and rejecting the claim of discovering a new area.",6.0,6.0,2,elife-93033,v1,0.3333333333333333,6,6,Disagree
CMP5,R4,R5,Supported,Unsupported,MINOR,MINOR,Disagree,"Both evaluate validation analyses (C37, C38, C39, C163, C164). OpenEval finds them SUPPORTED as rigorous controls addressing circularity and overfitting. Peer reviewers rate UNSUPPORTED, dismissing these efforts as insufficient, stating 'center-fitting should not be done in the first place' and that DNN validation 'cannot provide stronger evidence.'",5.0,5.0,3,elife-93033,v1,0.6,5,5,Disagree
CMP10,R10,R7,Supported,Unsupported,MINOR,MAJOR,Disagree,"Strong disagreement on claims C78-C80 regarding ancestral variation representing genetic variation. OpenEval rates as SUPPORTED based on correlation between replicates and cited literature. Peer reviewers rate as UNSUPPORTED, explicitly challenging the small sample size (n=20) and lack of direct evidence linking sequence variation to expression variation.",3.0,4.0,3,elife-102321,v1,0.75,4,3,Disagree
CMP4,R3,R2,Supported,Unsupported,MAJOR,MAJOR,Disagree,"Overlap on cellular identity claims (C71-C79). OpenEval finds SUPPORTED based on immunofluorescence and temporal characterization. Peer review finds UNSUPPORTED, stating 'representative E-pericytes shown...are not associated with blood vessels' and noting 'by definition, pericytes are a component of blood vessels.' Also challenges CD13 specificity, noting it is expressed by dendritic cells and monocyte-derived cells after stroke. Fundamental disagreement on cellular identity.",28.0,9.0,9,elife-105593,v1,0.32142857142857145,9,28,Disagree
CMP15,R10,R13,Supported,Unsupported,MAJOR,MAJOR,Disagree,"Overlap on rescue experiment design (C176-C177). OpenEval finds SUPPORTED, noting rescue demonstrates specificity. Peer review finds UNSUPPORTED, directly critiquing experimental design: 'I do not see data from a Tgfbr2 overexpression-only group' and questioning logic—'If the mechanism by which EC Tgfbr2 overexpression acts to reduce BBB leakage is by increasing the number of E-pericytes, depleting E-pericytes with DTA in this context should increase BBB leakage.' Strong disagreement on experimental logic and controls.",17.0,2.0,2,elife-105593,v1,0.11764705882352941,2,17,Disagree
CMP16,R11,R10,Supported,Unsupported,MAJOR,MAJOR,Disagree,"High overlap on gain-of-function experiments (C193-C205). OpenEval finds SUPPORTED with effects opposite to loss-of-function supporting causality. Peer review finds UNSUPPORTED, directly challenging causal attribution: 'All data in Fig. 10...compare endothelial Tgfbr2 overexpression to a DsRed overexpression control. There is no group in which Tgfbr2 is overexpressed but E-pericytes are eliminated with DTA...Thus, the observed functional outcomes cannot be ascribed to E-pericytes.' Strong disagreement on whether data support causal claims about E-pericytes.",13.0,15.0,13,elife-105593,v1,0.8666666666666667,15,13,Disagree
CMP20,R18,R10,Supported,Unsupported,MAJOR,MAJOR,Disagree,Minimal overlap on abstract claims about therapeutic potential (C12-C13). OpenEval finds SUPPORTED as accurate summary. Peer review finds UNSUPPORTED for gain-of-function claims due to lack of appropriate controls to attribute effects to E-pericytes specifically. Strong disagreement on whether therapeutic claims are justified.,12.0,15.0,2,elife-105593,v1,0.13333333333333333,15,12,Disagree
CMP1,R2,R1,Supported,Unsupported,MAJOR,MAJOR,Disagree,"Both address the circuit construction methodology (C59, C60, C63, C64, C65, C67). OpenEval finds the approach methodologically sound and SUPPORTED despite noting lack of biological justification for some parameters. Peer reviewers find it UNSUPPORTED, fundamentally challenging the addition of virtual nodes and questioning whether results depend on this methodological choice without clear justification.",7.0,6.0,6,elife-99904,v1,0.8571428571428571,6,7,Disagree
CMP14,R10,R6,Supported,Unsupported,MAJOR,MAJOR,Disagree,"Both address BBB-related pathway claims (C43-C45 in OpenEval; broader BBB claims C43-C51, C89-C90 in peer review). OpenEval rates SUPPORTED for GO/CellChat analysis. Peer reviewers rate UNSUPPORTED for BBB conclusions, stating findings are 'purely correlative' and require experimental validation like dye leakage tests.",3.0,9.0,3,elife-94288,v1,0.3333333333333333,9,3,Disagree
CMP15,R11,R6,Supported,Unsupported,MAJOR,MAJOR,Disagree,Both evaluate cell-cell communication and compensatory mechanism claims (C46-C48 in OpenEval; part of broader BBB evaluation in peer review). OpenEval rates SUPPORTED though notes compensatory inference needs validation. Peer reviewers rate UNSUPPORTED for BBB-related conclusions due to lack of functional validation.,3.0,9.0,3,elife-94288,v1,0.3333333333333333,9,3,Disagree
CMP26,R12,R6,Supported,Unsupported,MAJOR,MAJOR,Disagree,"Minimal overlap on BBB disruption inference (C51 in both). OpenEval rates SUPPORTED though notes direct permeability measurements would strengthen evidence. Peer reviewers rate UNSUPPORTED, explicitly stating BBB conclusion 'remains purely correlative' and requires functional validation.",3.0,9.0,1,elife-94288,v1,0.1111111111111111,9,3,Disagree
CMP7,R2,R2,Supported,Unsupported,MAJOR,MAJOR,Disagree,"Major disagreement on claims C28-C32 regarding fluorescent probe observations. OpenEval finds the Calcein and FM1-43 evidence SUPPORTED for seawater uptake and endocytosis; peer reviewers (also evaluating C33-C36, C64, C69, C101) rate UNSUPPORTED, stating fluorescent images may not relate to calcification and lack hard evidence for ACC.",5.0,11.0,4,elife-91568,v1,0.36363636363636365,11,5,Disagree
CMP11,R10,R5,Supported,Unsupported,MAJOR,MAJOR,Disagree,"Major disagreement on claims C113, C115, C116, C118 regarding synthesis and paradigm shift conclusions. OpenEval finds the comparative findings across miliolids and rotaliids SUPPORTED; peer reviewers rate UNSUPPORTED, stating conclusions are not supported by results and the paradigm shift claim is far-fetched and based on speculation.",4.0,5.0,3,elife-91568,v1,0.6,5,4,Disagree
CMP12,R11,R5,Supported,Unsupported,MAJOR,MAJOR,Disagree,"Major disagreement on claims C5, C6, C7 representing main conclusions. OpenEval finds evolutionary conservation SUPPORTED by convergent evidence; peer reviewers (evaluating C5, C6, C113, C115, C116) rate UNSUPPORTED, fundamentally challenging that conclusions are supported by the data presented.",3.0,5.0,2,elife-91568,v1,0.4,5,3,Disagree
CMP1,R1,R1,Supported,Unsupported,MAJOR,MAJOR,Disagree,"Both address TEKRABber pipeline capabilities (C45-C46, C145-C151). OpenEval finds the tool well-supported with appropriate normalization and reasonable performance. Peer reviewer fundamentally disagrees, stating the pipeline has 'significant shortcomings' and 'biases' that 'could lead to an unacceptable number of false positive and negative signals,' making it unreliable.",16.0,9.0,9,elife-103608,v1,0.5625,9,16,Disagree
CMP2,R5,R2,Supported,Unsupported,MAJOR,MAJOR,Disagree,"Both evaluate TE:KRAB-ZNF correlation analysis (C64-C75). OpenEval finds correlations well-supported with appropriate statistical controls and ChIP-exo validation. Peer reviewer fundamentally challenges validity, stating 'TE expression used to correlate the KRAB ZNF expression is simply not representing the species-specific influences' because TEs in transcripts from alternative splicing 'have nothing to do with KRAB ZNF control.'",11.0,19.0,11,elife-103608,v1,0.5789473684210527,19,11,Disagree
CMP3,R6,R2,Supported,Unsupported,MAJOR,MAJOR,Disagree,"Both address network topology analysis (C76-C83). OpenEval finds network analysis methodologically sound with appropriate statistical validation. Peer reviewer's concerns about TE expression misinterpretation undermine these network findings, as 'all of the network analyses in this paper rely on the analyses of RNA-seq data' with fundamental shortcomings.",8.0,19.0,8,elife-103608,v1,0.42105263157894735,19,8,Disagree
CMP4,R12,R3,Supported,Unsupported,MAJOR,MAJOR,Disagree,"Both evaluate increased network complexity in humans (C5-C6, C87, C122-C123, C156). OpenEval finds this supported by multiple lines of evidence. Peer reviewer challenges cross-species comparisons due to 'inaccurate annotations of many KZNFs in non-human genomes' and states that 'expression data derived from RNA-seq datasets cannot be simply used' without manual curation, making comparisons 'highly biased and unreliable.'",7.0,11.0,4,elife-103608,v1,0.36363636363636365,11,7,Disagree
CMP5,R7,R3,Supported,Unsupported,MAJOR,MAJOR,Disagree,"Both address cross-species analysis and human-specific changes (C84-C90). OpenEval finds rigorous analysis with appropriate controls. Peer reviewer challenges due to KRAB-ZNF ortholog annotation issues, stating RNA-seq reads from human-specific ZNFs may be incorrectly mapped to parental genes in other species, making 'DE-seq analysis...prone to lead to false comparisons.'",7.0,11.0,4,elife-103608,v1,0.36363636363636365,11,7,Disagree
CMP6,R9,R3,Supported,Unsupported,MAJOR,MAJOR,Disagree,"Both evaluate evolutionary age analysis and young correlations (C98-C103, C130-C131). OpenEval finds striking evidence that all human-specific correlations are young. Peer reviewer's concerns about TE expression quantification and KRAB-ZNF annotation issues fundamentally undermine these human-specific evolutionary findings.",8.0,11.0,4,elife-103608,v1,0.36363636363636365,11,8,Disagree
CMP7,R2,R4,Supported,Unsupported,MAJOR,MAJOR,Disagree,"Both address species differences in t-SNE clustering and differential expression (C48-C51, C120). OpenEval finds strong support from visual separation and statistical significance. Peer reviewer challenges due to TE expression misinterpretation and KRAB-ZNF ortholog issues, stating 'without significant manual curation, the DE-seq analysis is prone to lead to false comparisons.'",5.0,15.0,5,elife-103608,v1,0.3333333333333333,15,5,Disagree
CMP8,R3,R4,Supported,Unsupported,MAJOR,MAJOR,Disagree,"Both evaluate evolutionary age inference and expression patterns (C52-C56, C121). OpenEval finds well-supported by statistical analysis across brain regions. Peer reviewer's methodological concerns about TE expression data and cross-species annotation issues make these differential expression results unreliable.",6.0,15.0,5,elife-103608,v1,0.3333333333333333,15,6,Disagree
CMP9,R4,R4,Supported,Unsupported,MAJOR,MAJOR,Disagree,Both address differential expression and disease associations (C57-C63). OpenEval finds appropriate statistical thresholds and cited disease associations. Peer reviewer challenges due to fundamental issues with TE expression quantification including reads from alternative splicing that 'have nothing to do with KRAB ZNF control.',7.0,15.0,5,elife-103608,v1,0.3333333333333333,15,7,Disagree
CMP10,R13,R5,Supported,Unsupported,MAJOR,MAJOR,Disagree,Both evaluate ZNF528 as hub with human-specific interactions (C7-C8). OpenEval finds supported by network analysis and positive selection evidence. Peer reviewer challenges functional interpretation as it depends on correlation data that is fundamentally flawed due to TE expression quantification issues.,2.0,11.0,2,elife-103608,v1,0.18181818181818182,11,2,Disagree
CMP11,R8,R5,Supported,Unsupported,MAJOR,MAJOR,Disagree,"Both address ZNF528 network analysis and sequence differences (C91-C97). OpenEval finds sequence analysis documented with reasonable speculation about function. Peer reviewer notes that while sequence analysis may be valid, functional interpretation depends entirely on flawed correlation data, making conclusions unreliable.",7.0,11.0,7,elife-103608,v1,0.6363636363636364,11,7,Disagree
CMP12,R11,R6,Supported,Unsupported,MAJOR,MAJOR,Disagree,"Both evaluate AD-specific correlation changes and Alu module findings (C110-C119, C124, C157). OpenEval finds methodologically sound intersection analysis with novel Alu module observation. Peer reviewer fundamentally challenges due to TE expression issues and notes that 'association with certain variations in ZNF genes with neurological disorders such as AD...is not entirely convincing without further functional support.'",12.0,13.0,12,elife-103608,v1,0.9230769230769231,13,12,Disagree
CMP15,R14,R8,Supported,Unsupported,MAJOR,MAJOR,Disagree,"Both address Alu predominance in negative correlations (C9-C10, C69). OpenEval finds supported by network analysis and consistent with known KRAB-ZNF repression. Peer reviewer specifically challenges Alu interpretation, explaining Alus 'often become part of transcripts due to alternative splicing' and their presence 'is not a proxy for the expression/activity of the Alu class.'",3.0,3.0,2,elife-103608,v1,0.6666666666666666,3,3,Disagree
CMP16,R9,R8,Supported,Unsupported,MAJOR,MAJOR,Disagree,"Both evaluate TE family differential interactions including Alu (C131). OpenEval finds clearly shown in Figure 4F. Peer reviewer challenges Alu-specific findings, stating the approach is 'heavily prone to picking up both false positives (TEs being part of transcribed loci)' due to alternative splicing confounds.",8.0,3.0,1,elife-103608,v1,0.125,3,8,Disagree
CMP17,R17,R9,Supported,Unsupported,MAJOR,MAJOR,Disagree,"Both address arms-race hypothesis evaluation (C139-C144). OpenEval finds authors appropriately acknowledge limitations and data not fitting the model, strengthening analysis through critical self-evaluation. Peer reviewer states that even these cautious interpretations are unreliable because 'all of the network analyses...rely on...RNA-seq data...with the shortcomings and potential biases,' making 'results and conclusions...likely to be significantly different.'",6.0,6.0,6,elife-103608,v1,1.0,6,6,Disagree
CMP5,R5,R7,Supported,Unsupported,MAJOR,MAJOR,Disagree,"Both evaluate epistasis analysis (C38-C44, C98-C100). OpenEval finds the analysis well-documented with appropriate methodology and logical interpretation. Peer reviewers rate it unsupported, identifying the analysis as 'incomplete in two ways': not reflecting statistical significance from original data and having insufficient explanation of coefficient interpretation, with specific example of G238S showing zero coefficient despite known strong effect.",12.0,11.0,7,elife-88480,v1,0.5833333333333334,11,12,Disagree
CMP9,R1,R2,Supported,Unsupported,MAJOR,MAJOR,Disagree,"Both address data source and selection (C3, C45, C88-C91). OpenEval supports the well-documented data source and explicit selection criteria (p<0.01 threshold). Peer reviewers rate it unsupported, stating 'a clear explanation is still lacking' for selecting only 7 of 30 environments, calling this 'a major concern' as it prevents assessing concentration-dependence of metrics.",20.0,6.0,6,elife-88480,v1,0.3,6,20,Disagree
CMP11,R6,R7,Supported,Unsupported,MINOR,MAJOR,Disagree,"Both address LASSO regression methodology (C98-C100). OpenEval supports the clearly described and appropriate statistical methodology. Peer reviewers rate epistasis analysis unsupported, noting the 'interpretation of coefficients depends strongly on the formalism' with insufficient explanation, though this critique focuses more broadly on the epistasis analysis than specifically on LASSO methodology.",7.0,11.0,3,elife-88480,v1,0.2727272727272727,11,7,Disagree
CMP1,R4,R2,Supported,Unsupported,MAJOR,MAJOR,Disagree,"Both address the Itô convention choice (C17, C18, C68, C69, C71). OpenEval finds the theoretical description well-established but notes the choice requires stronger justification (UNCERTAIN). Peer reviewers strongly criticize the choice as insufficiently justified and potentially inappropriate for cellular systems (UNSUPPORTED), with Reviewer 3 stating the authors provide no justification beyond cells being out-of-equilibrium.",5.0,6.0,4,elife-89794,v1,0.6666666666666666,6,5,Disagree
CMP3,R3,R1,Supported,Unsupported,MAJOR,MAJOR,Disagree,"Both address the core diffusive lensing phenomenon (C3, C19-C22, C48). OpenEval finds simulations well-supported but notes biological relevance depends on Itô convention appropriateness (SUPPORTED with caveat). Peer reviewers fundamentally challenge novelty and biological relevance (UNSUPPORTED), with Reviewer 3 calling the probability gradient effect 'trivial' and Reviewer 2 noting it's already been reported.",6.0,7.0,2,elife-89794,v1,0.2857142857142857,7,6,Disagree
CMP12,R15,R9,Supported,Unsupported,MINOR,MAJOR,Disagree,"Both evaluate methodological choices (C78, C81, C83-C86, C88). OpenEval finds methods internally consistent and adequately described (SUPPORTED), though noting Itô convention remains critical assumption. Peer reviewers strongly criticize methodology (UNSUPPORTED), with Reviewer 3 stating authors use 'agent-based custom simulations with little physical motivation' and that neighbor-sensing violates thermodynamic laws.",16.0,9.0,7,elife-89794,v1,0.4375,9,16,Disagree
CMP3,R10,R6,Supported,Unsupported,MAJOR,MAJOR,Disagree,"Strong disagreement on claims C64-C70 regarding in vitro functional assays. OpenEval finds the experiments well-supported with appropriate controls and replication, while peer reviewers rate as UNSUPPORTED, citing inadequate models (single NK cell line from lymphoma patient) and lack of necessary controls to represent NK cell diversity.",7.0,8.0,7,elife-97201,v1,0.875,8,7,Disagree
CMP18,R15,R6,Supported,Unsupported,MAJOR,MAJOR,Disagree,"Disagreement on claim C100 (abstract summary of functional assays). OpenEval finds abstract accurately summarizes results. Peer reviewers' UNSUPPORTED rating reflects fundamental concerns about experimental model adequacy (single NK cell line, inadequate controls), suggesting abstract overstates the strength of functional evidence.",8.0,8.0,1,elife-97201,v1,0.125,8,8,Disagree
CMP11,R11,R8,Supported,Unsupported,MAJOR,MAJOR,Disagree,"Disagreement on muTTR findings (C119-C120). OpenEval found similar enhancement with TTR and muTTR as 'surprising and novel' evidence that TTR effect is independent of RBP binding. This connects to peer Reviewer 2's strong challenge in R8 about TTR as signaling molecule being 'puzzling' given TTR is ubiquitous and tightly regulated, questioning how it could modulate brain retinoid homeostasis.",2.0,11.0,2,elife-87863,v1,0.18181818181818182,11,2,Disagree
CMP12,R12,R8,Supported,Unsupported,MAJOR,MAJOR,Disagree,"Strong disagreement on LRAT upregulation (C121-C127). OpenEval found RT-qPCR data statistically convincing with appropriate analysis showing TTR/muTTR effect independent of RBP binding. Peer Reviewer 2 strongly challenged this as 'puzzling,' questioning how ubiquitous TTR could serve as signaling molecule. Also questioned functional significance without kinetic studies showing whether 2-fold increase affects RE accumulation rate.",7.0,11.0,7,elife-87863,v1,0.6363636363636364,11,7,Disagree
CMP11,R10,R7,Supported,Unsupported,MINOR,MAJOR,Disagree,"Major disagreement on stagnant water assumption (C139-C141). OpenEval finds the justification for this simplification reasonable, but peer reviewers explicitly challenge it as unrealistic and biasing, stating organisms 'likely did not live in stagnant waters.'",9.0,3.0,3,elife-90211,v1,0.3333333333333333,3,9,Disagree
CMP4,R3,R3,Supported,Unsupported,MAJOR,MAJOR,Disagree,"Major disagreement on differential rod/cone metabolism (C30-C38, C101, C135-C136, C164). OpenEval finds cone arrestin data supports differential effects as SUPPORTED. Peer reviewers rate UNSUPPORTED, noting contradictions with published findings and emphasizing conclusions are 'highly speculative' without genetic knockouts and isotope tracing.",9.0,12.0,8,elife-91141,v1,0.6666666666666666,12,9,Disagree
CMP21,R21,R3,Supported,Unsupported,MAJOR,MAJOR,Disagree,"Strong disagreement on differential rod/cone glycolysis dependence (C135-C137). OpenEval finds differential intervention effects support major finding. Peer reviewers rate UNSUPPORTED, explicitly noting results contradict other studies showing cones most reliant on glycolysis.",3.0,12.0,2,elife-91141,v1,0.16666666666666666,12,3,Disagree
CMP5,R8,R4,Supported,Unsupported,MAJOR,MAJOR,Disagree,"Major disagreement on E-field explanatory analysis (C5, C58-C62, C70, C89). OpenEval finds the interaction effects statistically significant and well-supported. Peer reviewers rate as UNSUPPORTED, citing serious concerns about multiple comparisons (33 models, 9 features, N=34) without correction and model overfitting on training data.",8.0,10.0,8,elife-87820,v1,0.8,10,8,Disagree
CMP8,R16,R7,Supported,Unsupported,MAJOR,MAJOR,Disagree,"Both evaluate mouse knockout phenotype claims (C82-C85) and exercise response (C19, C81 in R7). OpenEval finds these SUPPORTED based on PhenoMouse data, while peer reviewers rate them UNSUPPORTED, strongly criticizing reliance on external data and requesting that authors obtain animals and reproduce findings in their own hands with additional metabolic assays.",5.0,6.0,4,elife-96535,v1,0.6666666666666666,6,5,Disagree
CMP9,R15,R7,Supported,Unsupported,MAJOR,MAJOR,Disagree,"Both address mouse exercise model validation (C19, C81). OpenEval finds these SUPPORTED with adequate sample sizes, while peer reviewers rate the broader mouse evidence UNSUPPORTED, questioning the quality of external phenotyping data and requesting direct experimental validation.",2.0,6.0,2,elife-96535,v1,0.3333333333333333,6,2,Disagree
CMP3,R4,R3,Supported,Unsupported,MAJOR,MAJOR,Disagree,"Both evaluate carbohydrate recognition mechanism (C40-C44, C48). OpenEval finds claims SUPPORTED by competitive inhibition experiments showing specific reversal by lactose/AG. Peer reviewers rate UNSUPPORTED, explicitly stating the lactose/glucose supplementation experiment 'cannot be interpreted unequivocally owing to the growth-enhancing effect of lactose supplementation on Mtb during liquid culture in vitro.'",8.0,6.0,6,elife-92737,v1,0.75,6,8,Disagree
CMP8,R7,R7,Supported,Unsupported,MAJOR,MAJOR,Disagree,"Strong disagreement on competitive niche model (C16). OpenEval rates as SUPPORTED but notes claim is speculative without direct competition evidence. Peer reviewers rate as UNSUPPORTED, explicitly stating 'no evidence presented here that these niches are limiting' and citing contradictory evidence from Robinson et al. (2023).",3.0,1.0,1,elife-89712,v1,0.3333333333333333,1,3,Disagree
CMP4,R4,R4,Unsupported,Supported,MAJOR,MAJOR,Disagree,"Fundamental disagreement. Both address female senior author findings (C10, C42-C44, C75-C82). OpenEval rates UNSUPPORTED, emphasizing the authors' own acknowledgment of likely spurious association due to collider bias (C75), selection bias undermining interpretation, and entirely speculative explanations. Peer reviewers rate SUPPORTED, accepting the empirical finding without challenge despite acknowledged dataset limitations.",12.0,12.0,12,elife-90230,v1,1.0,12,12,Disagree
CMP2,R2,R2,Supported,Unsupported,MAJOR,MAJOR,Disagree,"Strong disagreement on interpretation. OpenEval finds the gene expression patterns (C2-C3, C6-C7, C24-C32) well-supported and argues they challenge the classical mixed model. However, peer reviewers directly challenge the central conclusion, with Reviewer 1 calling the evidence 'incomplete,' Reviewer 2 stating it's 'not justified to claim that pelvic organs receive no parasympathetic innervation,' and Reviewer 3 calling the title 'misleading.'",23.0,6.0,4,elife-91576,v1,0.17391304347826086,6,23,Disagree
CMP11,R10,R10,Supported,Unsupported,MAJOR,MAJOR,Disagree,"Both address CD81's proposed mechanism in vesicle docking/fusion (C11, C152, C175, C182). OpenEval finds the interpretation reasonable but appropriately speculative. Peer reviewers find it unsupported - the editor stated the model is over-interpreted; Reviewer 3 explicitly called claims purely speculative, noting vesicles don't accumulate at TNT tips as the model would predict, and that transfer occurs without CD81.",5.0,4.0,1,elife-99172,v1,0.2,4,5,Disagree
CMP2,R1,R2,Supported,Unsupported,MAJOR,MAJOR,Disagree,"Strong disagreement on C2 and related claims (C14-C19, C69-C72) about signaling versus transport functions. OpenEval finds the SUL1E427Q experiments and sulfate uptake measurements convincing with sound logic. Peer reviewers find this UNSUPPORTED, stating that sulfate uptake measurements are insufficient, requesting sulfate supplementation experiments, and noting missing or inadequately described key experiments.",12.0,12.0,11,elife-94609,v1,0.9166666666666666,12,12,Disagree
CMP9,R7,R7,Supported,Unsupported,MAJOR,MAJOR,Disagree,"Strong disagreement on autophagy evidence (C47, C49-C52). OpenEval finds the ATG8-EGFP measurements robust with converging lines of evidence supporting enhanced autophagic capacity. Peer reviewers find this UNSUPPORTED due to fundamental technical flaws: the C-terminal GFP tag on ATG8 is non-functional and cannot report autophagy activity, requiring N-terminal tagging instead. This technical issue invalidates the autophagy conclusions.",6.0,5.0,5,elife-94609,v1,0.8333333333333334,5,6,Disagree
CMP17,R2,R2,Supported,Unsupported,MAJOR,MAJOR,Disagree,Additional overlap on C80 (mechanistic interpretation from RNA-seq). OpenEval finds the mechanistic interpretation strengthened by comparative controls. Peer reviewers challenge the overall signaling versus transport conclusion as UNSUPPORTED due to missing key experiments like sulfate supplementation tests.,11.0,12.0,1,elife-94609,v1,0.08333333333333333,12,11,Disagree
CMP4,R4,R2,Supported,Unsupported,MAJOR,MAJOR,Disagree,"Both evaluate Leydig cell Fshr expression (C47-C52, C139-C144). OpenEval finds multiple independent lines of evidence convincing (SUPPORTED), calling it a major finding. Peer reviewers strongly challenge this (UNSUPPORTED), stating it contradicts 50+ years of physiology, questioning the extraordinary claim, noting no acceptable antibody recognizes Leydig cells, and expressing concern about signal in sperm tails.",13.0,18.0,13,elife-93413,v1,0.7222222222222222,18,13,Disagree
CMP5,R5,R2,Supported,Unsupported,MINOR,MAJOR,Disagree,"OpenEval evaluates testicular expression data (C53-C54, C57-C58) as SUPPORTED by immunofluorescence and ddRT-PCR. Peer reviewers include these claims in their UNSUPPORTED evaluation of Leydig cell expression, questioning the validity of the findings.",4.0,18.0,4,elife-93413,v1,0.2222222222222222,18,4,Disagree
CMP6,R6,R2,Supported,Unsupported,MINOR,MAJOR,Disagree,"OpenEval finds database evidence (C59, C124-C125) SUPPORTED across multiple scRNA-seq databases. Peer reviewers note inconsistencies where single-cell datasets show low or no Fshr expression in organs where the reporter shows high expression, undermining confidence in the findings.",3.0,18.0,1,elife-93413,v1,0.05555555555555555,18,3,Disagree
CMP13,R13,R8,Supported,Unsupported,MINOR,MAJOR,Disagree,"OpenEval evaluates liver Fshr expression (C103-C104) as adequately documented (SUPPORTED). Peer reviewers include liver in their broad UNSUPPORTED evaluation, noting single-cell data shows no expression in hepatocytes where authors claim high expression.",2.0,23.0,2,elife-93413,v1,0.08695652173913043,23,2,Disagree
CMP14,R14,R8,Supported,Unsupported,MAJOR,MAJOR,Disagree,"OpenEval finds pancreatic Fshr expression (C105-C106, C157) thorough and well-validated (SUPPORTED). Peer reviewers include pancreas in their UNSUPPORTED evaluation of widespread expression claims.",3.0,23.0,2,elife-93413,v1,0.08695652173913043,23,3,Disagree
CMP15,R15,R8,Supported,Unsupported,MINOR,MAJOR,Disagree,OpenEval finds thyroid Fshr expression (C107-C108) adequately documented (SUPPORTED). Peer reviewers include thyroid in their UNSUPPORTED evaluation of the breadth of expression claims.,2.0,23.0,2,elife-93413,v1,0.08695652173913043,23,2,Disagree
CMP16,R16,R8,Supported,Unsupported,MINOR,MAJOR,Disagree,OpenEval finds skin Fshr expression (C109-C111) adequately documented with CD34 colocalization (SUPPORTED). Peer reviewers include skin in their UNSUPPORTED evaluation questioning whether any tissue doesn't express Fshr-ZsGreen.,3.0,23.0,3,elife-93413,v1,0.13043478260869565,23,3,Disagree
CMP17,R17,R8,Supported,Unsupported,MINOR,MAJOR,Disagree,"OpenEval finds muscle Fshr expression (C112-C114) thorough with satellite cell markers (SUPPORTED). Peer reviewers include skeletal muscle in their UNSUPPORTED evaluation, specifically noting single-cell data shows no expression where authors claim high expression.",3.0,23.0,3,elife-93413,v1,0.13043478260869565,23,3,Disagree
CMP18,R18,R8,Supported,Unsupported,MAJOR,MAJOR,Disagree,OpenEval finds immune cell Fshr expression (C115-C117) comprehensive with appropriate markers (SUPPORTED). Peer reviewers include immune tissues in their UNSUPPORTED evaluation of widespread expression.,3.0,23.0,3,elife-93413,v1,0.13043478260869565,23,3,Disagree
CMP19,R19,R8,Supported,Unsupported,MAJOR,MAJOR,Disagree,OpenEval finds brain Fshr expression (C118) important and well-documented (SUPPORTED). Peer reviewers include brain in their UNSUPPORTED evaluation of the breadth of expression claims.,1.0,23.0,1,elife-93413,v1,0.043478260869565216,23,1,Disagree
CMP20,R20,R8,Supported,Unsupported,MAJOR,MAJOR,Disagree,"OpenEval finds multi-tissue validation with antibody IF and ddRT-PCR (C119-C123) comprehensive and strengthening (SUPPORTED). Peer reviewers fundamentally question the breadth of expression (UNSUPPORTED), noting virtually every cell and structure glows green and single-cell data doesn't support the claims.",5.0,23.0,4,elife-93413,v1,0.17391304347826086,23,5,Disagree
CMP21,R21,R9,Supported,Unsupported,MAJOR,MAJOR,Disagree,"Both address the major conclusion about widespread Fshr expression (C126, C159). OpenEval finds the synthesis well-supported by comprehensive validation methods (SUPPORTED). Peer reviewers reject the overall conclusion (UNSUPPORTED), stating the response is insufficient for such large claims, citing ZsGreen accumulation artifacts, single founder mouse concerns, lack of proper controls, and inconsistencies with scRNA-seq data.",2.0,4.0,1,elife-93413,v1,0.25,4,2,Disagree
CMP25,R25,R9,Supported,Unsupported,MINOR,MAJOR,Disagree,"OpenEval finds the acknowledgment of reporter limitations (C160) scientifically appropriate (SUPPORTED). Peer reviewers emphasize these limitations are fundamental problems undermining the conclusions, particularly that ZsGreen accumulation may not reflect actual Fshr protein dynamics (UNSUPPORTED for overall claims).",1.0,4.0,1,elife-93413,v1,0.25,4,1,Disagree
CMP2,R8,R6,Supported,Unsupported,MAJOR,MAJOR,Disagree,"Strong disagreement on main conclusion (C7, C49, C56, C65). OpenEval finds the evidence for at least two channels well-supported with appropriate caution. Peer review (Editor) finds the central claim inadequately supported, arguing results reflect amodal rather than sensorimotor channels.",4.0,4.0,4,elife-92169,v1,1.0,4,4,Disagree
CMP9,R10,R6,Supported,Unsupported,MINOR,MAJOR,Disagree,"Both address TET2 null findings (C93). OpenEval finds SUPPORTED as clearly stated contradiction with animal models. Peer reviewers rate UNSUPPORTED, explicitly challenging this as evidence of inadequate power since TET2 is considered a 'positive control' with multiple lines of evidence for atherosclerotic disease risk.",7.0,1.0,1,elife-96150,v1,0.14285714285714285,1,7,Disagree
CMP6,R6,R4,Supported,Unsupported,MAJOR,MAJOR,Disagree,"Both evaluate IL-4 and IFN-γ/IL-21 responses (C30, C31). OpenEval finds the predominant IL-4 response well-supported and biologically plausible. Peer reviewers rate UNSUPPORTED, with Reviewer 1 expressing 'serious concerns about cytokine detection' and questioning whether IL-4 staining represents 'autofluorescence rather than true cytokine signals.' Strong disagreement on data validity.",2.0,2.0,2,elife-98462,v1,1.0,2,2,Disagree
CMP2,R1,R2,Supported,Unsupported,MAJOR,MAJOR,Disagree,"OpenEval supports the mathematical framework including birth-death parameterization (C28-C31), while Peer Reviewer 1 explicitly critiques this parameterization as implausible, noting that variants with birth rate b=1 would be 'immortal' and suggesting constant rates would be more reasonable.",24.0,4.0,4,elife-106365,v1,0.16666666666666666,4,24,Disagree
CMP15,R11,R7,Supported,Unsupported,MINOR,MAJOR,Disagree,"Both evaluate the validation methodology (C43-C52). OpenEval finds the approach clearly documented and methodologically sound. Peer Reviewer 3 criticizes it as 'limited to endpoint comparisons' with no mutation-level accuracy assessment, and questions using consensus sequences that 'may not accurately reflect underlying population structure.'",19.0,7.0,7,elife-106365,v1,0.3684210526315789,7,19,Disagree
CMP16,R11,R8,Supported,Unsupported,MINOR,MAJOR,Disagree,"Both address evaluation metrics (C59-C61, C94). OpenEval finds metrics appropriate and well-cited. Peer Reviewer 2 states 'it is difficult to evaluate predictive performance' because percent divergence is 'difficult to compare across viral proteins and datasets,' suggesting normalization by expected divergence.",19.0,4.0,3,elife-106365,v1,0.15789473684210525,4,19,Disagree
CMP19,R16,R11,Supported,Unsupported,MINOR,MAJOR,Disagree,"Both evaluate concluding claims about forecasting capability (C8, C136-C137). OpenEval finds conclusions supported by empirical results. Peer Reviewer 3 directly challenges the forecasting claim, stating 'the study does not substantiate its central claim of forecasting' and 'the model does not predict future sequences with measurable accuracy.'",4.0,3.0,2,elife-106365,v1,0.5,3,4,Disagree
CMP20,R1,R12,Supported,Unsupported,MAJOR,MAJOR,Disagree,"OpenEval supports the fitness function formulation (C25-C27) as part of the mathematical framework. Peer Reviewer 3 critiques it, noting the fitness function 'rewards increased stability without testing whether real evolutionary trajectories tend to maintain, increase, or reduce folding stability' for the studied proteins.",24.0,3.0,3,elife-106365,v1,0.125,3,24,Disagree
CMP1,R1,R1,Supported,Unsupported,MAJOR,MAJOR,Disagree,"Major disagreement on C2 (crest interpretation). OpenEval finds morphological evidence SUPPORTED with converging lines of evidence. Peer Reviewer 1 strongly challenges this as UNSUPPORTED, arguing the perpendicular feather orientation is a taphonomic artifact from compression, not evidence of an actual crest.",6.0,1.0,1,elife-103628,v1,0.16666666666666666,1,6,Disagree
CMP10,R8,R9,Supported,Unsupported,MAJOR,MAJOR,Disagree,"Strong disagreement on behavioral evidence (C71, C96). OpenEval finds SUPPORTED despite noting missing anxiety figure. Peer review rates UNSUPPORTED, stating 'behavioral analysis remains insufficient to support claims of cognitive impairment' and that 'use of a single working memory test following an anxiety test is inadequate.'",2.0,2.0,2,elife-106362,v1,1.0,2,2,Disagree
CMP5,R5,R3,Supported,Unsupported,MAJOR,MAJOR,Disagree,"Both address T cell gene expression changes (C8-C10, C72-C74, C77-C80, C83). OpenEval finds SUPPORTED based on mRNA sequencing showing infection-specific changes. Peer reviewers rate UNSUPPORTED, fundamentally challenging conclusions by noting authors 'truly did not examine key basic features' - lacking data on T cell numbers, percentages, and recruitment to infection sites. Major disagreement: OpenEval accepts transcriptomic evidence; peer reviewers argue gene paucity may reflect 'a whole different set of defects' not dysfunction.",11.0,25.0,11,elife-100433,v1,0.44,25,11,Disagree
CMP7,R6,R3,Supported,Unsupported,MAJOR,MAJOR,Disagree,"Overlapping evaluation of T cell dysfunction mechanisms (C82, C84-C86). OpenEval interprets pathway enrichment as supporting activation defects. Peer reviewers fundamentally challenge this, emphasizing lack of cell transfer experiments and mechanistic validation to determine cellular culprits. Both address same phenomena but peer reviewers demand higher evidence standard.",5.0,25.0,4,elife-100433,v1,0.16,25,5,Disagree
CMP9,R7,R3,Supported,Unsupported,MAJOR,MAJOR,Disagree,"Additional overlap on T cell functional assays (C89-C92, C96). OpenEval finds co-culture data SUPPORTED. Peer reviewers' UNSUPPORTED rating for T cell dysfunction broadly encompasses these claims, emphasizing lack of mechanistic validation and proper immunological characterization.",8.0,25.0,5,elife-100433,v1,0.2,25,8,Disagree
CMP13,R11,R3,Supported,Unsupported,MINOR,MAJOR,Disagree,"OpenEval addresses CD247 reduction in aged mice (C126-C127), finding SUPPORTED as suggesting aging-related T cell dysfunction shares features with Terc deletion. Peer reviewers' UNSUPPORTED rating for T cell dysfunction encompasses these claims, with broader criticism of inadequate immunological characterization and lack of mechanistic validation.",2.0,25.0,2,elife-100433,v1,0.08,25,2,Disagree
CMP15,R13,R3,Supported,Unsupported,MAJOR,MAJOR,Disagree,OpenEval's mechanistic conclusion (C135) overlaps with peer reviewers' UNSUPPORTED rating for T cell dysfunction. OpenEval acknowledges need for additional experiments (blocking inflammation to rescue T cell function) but finds existing correlation supportive. Peer reviewers fundamentally reject conclusions due to lack of mechanistic validation.,2.0,25.0,1,elife-100433,v1,0.04,25,2,Disagree
CMP17,R17,R3,Supported,Unsupported,MAJOR,MAJOR,Disagree,"OpenEval addresses complete absence of CD247 as novel finding (C116), rating SUPPORTED as new observation distinct from prior chronic infection studies. Peer reviewers' UNSUPPORTED rating for T cell dysfunction encompasses this claim, challenging interpretation that gene paucity indicates dysfunction rather than 'potentially a whole different set of defects.' Fundamental disagreement on what transcriptomic changes represent.",1.0,25.0,1,elife-100433,v1,0.04,25,1,Disagree
CMP8,R2,R6,Supported,Unsupported,MAJOR,MAJOR,Disagree,"Both address uniform distribution control experiment and functional interpretation (C6, C53-C55, C68, C71). OpenEval finds claims SUPPORTED as critical evidence for gain control. Peer reviewers find UNSUPPORTED, with Reviewer 3 stating it's inappropriate to conclude alpha/beta function from a model lacking these oscillations, and Reviewer 1 noting the gain control assumption is flawed.",13.0,6.0,6,elife-99383,v1,0.46153846153846156,6,13,Disagree
CMP17,R16,R17,Supported,Unsupported,MINOR,MAJOR,Disagree,"Both evaluate SPICE's performance and database choice (C127-C128). OpenEval finds this SUPPORTED, noting successful prediction and validation. Peer reviewers find this UNSUPPORTED, with Reviewer 2 strongly criticizing use of 'old data from ENCODE (2010-2012)' and stating the claim that newer databases wouldn't alter conclusions is speculative and untested.",2.0,2.0,2,elife-88833,v1,1.0,2,2,Disagree
CMP9,R6,R3,Supported,Unsupported,MINOR,MAJOR,Disagree,"Strong disagreement on apoptosis data (C59-C60). OpenEval finds apoptosis data in peripheral blood supportive and consistent with bone marrow loss. Peer Reviewer 1 directly challenges reliability, noting 80% apoptosis in lymph nodes and 50% in spleen of control mice is 'way too high' and suggests artefactual stress during in vitro processing. Evidence deemed unreliable by peer review.",2.0,4.0,2,elife-87281,v1,0.5,4,2,Disagree
CMP14,R9,R12,Supported,Unsupported,MAJOR,MAJOR,Disagree,"Both address the fixed-order design error (C108-C112, C135). OpenEval SUPPORTS the transparent reporting but notes it as a 'serious limitation,' while peer reviewers rate as UNSUPPORTED, explicitly identifying it as a 'critical weakness' that 'may have critically influenced the results.'",9.0,6.0,6,elife-91579,v1,0.6666666666666666,6,9,Disagree
CMP13,R12,R10,Supported,Unsupported,MINOR,MAJOR,Disagree,"Strong disagreement on male-only design (C91). OpenEval rates this as SUPPORTED acknowledgment of limitation, while peer reviewers rate as UNSUPPORTED, explicitly critiquing it as a major drawback that significantly limits generalizability.",4.0,2.0,1,elife-88172,v1,0.25,2,4,Disagree
CMP14,R13,R10,Supported,Unsupported,MINOR,MAJOR,Disagree,"Minimal overlap on methodological details (C96). OpenEval supports standard methods as appropriate, while peer reviewers critique the male-only design as a significant limitation affecting scope.",16.0,2.0,1,elife-88172,v1,0.0625,2,16,Disagree
CMP1,R1,R1,Supported,Unsupported,MAJOR,MAJOR,Disagree,"Both address lysosomal Ca2+ measurements using GCaMP3-ML1 (C22, C23). OpenEval finds the data well-supported by multiple complementary measurements. Peer reviewers fundamentally reject this result as 'highly problematic' due to transient transfection issues in BMDMs, stating 'efficiency of transfection in BMDMs is always extremely low' and 'overexpression results in gross mislocalization' preventing credible measurements.",4.0,2.0,2,elife-87561,v1,0.5,2,4,Disagree
CMP9,R8,R13,Supported,Unsupported,MAJOR,MINOR,Disagree,"Both evaluate plasma membrane vs lysosomal TRPM2 using patch clamp (C68-C76). OpenEval finds the data provide strong evidence for lysosomal versus plasma membrane TRPM2. Peer reviewers reject this, stating the patch clamp data are 'of very poor quality,' questioning whether results represent 'leak currents,' noting 'Trpm2-/- controls are missing,' and that '20 uM ACA is not a selective inhibitor.'",9.0,9.0,9,elife-87561,v1,1.0,9,9,Disagree
CMP10,R9,R5,Supported,Unsupported,MAJOR,MAJOR,Disagree,"Both address ER→lysosome Ca2+ flux (C77-C81). OpenEval finds strong support from GEM-CEPIA1er and D1ER measurements showing temporal correlation. Peer reviewers fundamentally reject this, stating 'ER-Lysosome Ca2+ refilling experiments rely on transient transfection' which is 'highly problematic,' and 'the data procured are also not convincing and lack critical controls.'",5.0,16.0,5,elife-87561,v1,0.3125,16,5,Disagree
CMP11,R10,R5,Supported,Unsupported,MAJOR,MAJOR,Disagree,"Both evaluate IP3R involvement in ER→lysosome Ca2+ transfer (C82-C88). OpenEval finds support from Xestospongin C and TPEN effects. Peer reviewers reject the underlying ER-lysosome Ca2+ refilling data due to transfection issues and lack of controls, undermining these mechanistic claims.",7.0,16.0,7,elife-87561,v1,0.4375,16,7,Disagree
CMP12,R11,R5,Supported,Unsupported,MINOR,MAJOR,Disagree,Both address VAPA-ORP1L contacts facilitating Ca2+ refilling (C89-C90). OpenEval finds PLA data supportive though mechanistic link not directly tested. Peer reviewers' rejection of the ER-lysosome Ca2+ refilling approach extends to questioning these contact site data.,2.0,16.0,2,elife-87561,v1,0.125,16,2,Disagree
CMP13,R12,R6,Supported,Unsupported,MAJOR,MAJOR,Disagree,"Both evaluate SOCE activation and its role in inflammasome (C91-C98). OpenEval finds support from pharmacological inhibitors and D1ER measurements. Peer reviewers state 'there is no credible evidence that SOCE is activated,' criticizing 'snapshot measurements and crude non-selective inhibitors,' and stating 'the only definitive way' is patch clamp electrophysiology.",8.0,13.0,8,elife-87561,v1,0.6153846153846154,13,8,Disagree
CMP14,R13,R6,Supported,Unsupported,MAJOR,MAJOR,Disagree,Both address STIM1-ORAI1 colocalization as evidence of SOCE (C99-C101). OpenEval finds confocal microscopy data supportive. Peer reviewers' rejection of SOCE activation evidence extends to questioning whether these colocalization data demonstrate functional SOCE in this context.,3.0,13.0,3,elife-87561,v1,0.23076923076923078,13,3,Disagree
CMP12,R9,R9,Supported,Unsupported,MAJOR,MAJOR,Disagree,"Major disagreement on histological nerve regeneration evidence (C7, C99-C101, C120-C127). OpenEval finds the immunofluorescence data supportive, but peer reviewers explicitly state 'The histological data and analyses following spinal cord injury are not convincing' citing poor image quality and resolution insufficient to support quantitative claims.",14.0,12.0,3,elife-90184,v1,0.21428571428571427,12,14,Disagree
CMP1,R3,R1,Supported,Unsupported,MAJOR,MAJOR,Disagree,"Both evaluate the simulation protocol (C22, C35-C41). OpenEval finds the design well-controlled with validation demonstrating comparable conformational sampling. Peer reviewers fundamentally challenge comparability, stating the short apo simulations (1-4 μs) are insufficient for meaningful conformational transitions in a 140-residue IDP, making direct comparison with the 1500 μs fasudil dataset invalid for MSM construction.",8.0,8.0,8,elife-97709,v1,1.0,8,8,Disagree
CMP3,R6,R3,Supported,Unsupported,MAJOR,MAJOR,Disagree,"Both evaluate the MSM finding of increased metastable states (C49-C51). OpenEval finds this supported by Chapman-Kolmogorov validation and control analyses. Peer reviewers fundamentally reject the MSM validity, stating insufficient conformational transitions in short apo simulations make the kinetics and thermodynamics 'relatively meaningless' and comparisons with fasudil MSM 'likely to be meaningless.'",6.0,5.0,3,elife-97709,v1,0.5,5,6,Disagree
CMP4,R6,R4,Supported,Unsupported,MAJOR,MAJOR,Disagree,"Both address trajectory length validation (C52-C53). OpenEval considers the control analyses adequate to rule out artifacts. Peer reviewers dismiss this validation, maintaining that the fundamental issue of insufficient conformational transitions in short apo simulations remains unaddressed regardless of these controls.",6.0,2.0,2,elife-97709,v1,0.3333333333333333,2,6,Disagree
CMP9,R14,R8,Supported,Unsupported,MAJOR,MAJOR,Disagree,"Both evaluate protein entropy calculations (C99-C106). OpenEval finds MIST approach sound with clear demonstration of entropy range broadening and correlation with populations. Peer reviewers reject these conclusions, stating that entropy analysis depends entirely on valid macrostates, which are fundamentally questioned, making entropy differences and their interpretation as fasudil-induced modulation unsupported.",8.0,21.0,8,elife-97709,v1,0.38095238095238093,21,8,Disagree
CMP10,R15,R8,Supported,Unsupported,MAJOR,MAJOR,Disagree,"Both address residue-wise entropy analysis (C107-C118). OpenEval finds correlation between binding sites and entropy changes clearly demonstrated. Peer reviewers reject this as unsupported because the fundamental MSM critique means 'kinetics and thermodynamics of the resulting MSM are likely to be relatively meaningless,' invalidating entropy-based conclusions.",11.0,21.0,10,elife-97709,v1,0.47619047619047616,21,11,Disagree
CMP11,R16,R9,Supported,Unsupported,MAJOR,MAJOR,Disagree,"Both evaluate MFPT analysis and kinetic slowing (C120-C127). OpenEval finds the correlation between entropy and transition times clearly demonstrated with reasonable mechanistic interpretation. Peer reviewers explicitly reject this, stating that if simulations are too short for conformational transitions (likely for apo dataset), 'any kinetics and thermodynamics modeled by an MSM will be inherently meaningless.'",9.0,9.0,8,elife-97709,v1,0.8888888888888888,9,9,Disagree
CMP12,R17,R10,Supported,Unsupported,MAJOR,MAJOR,Disagree,"Both address the main entropy expansion conclusion (C128). OpenEval finds it well-supported by MSM and entropy analyses, though noting rigorous demonstration would require total ensemble entropy calculation. Peer reviewers directly challenge this central conclusion, stating comparisons are 'likely to be meaningless' due to fundamental simulation/analysis flaws, with editor noting 'simulations and analyses in their present form are inadequate.'",1.0,3.0,1,elife-97709,v1,0.3333333333333333,3,1,Disagree
CMP13,R11,R10,Supported,Unsupported,MINOR,MAJOR,Disagree,"Both discuss entropy-expansion mechanism context (C90-C91). OpenEval finds the interpretation reasonable given observed states and conformational space. Peer reviewers reject the entropy-expansion mechanism as unsupported, stating that without valid MSMs and thermodynamic analysis, this mechanistic conclusion cannot be sustained.",7.0,3.0,2,elife-97709,v1,0.2857142857142857,3,7,Disagree
CMP5,R5,R5,Supported,Unsupported,MAJOR,MAJOR,Disagree,"Both address attention paradigm validation (C55-C58, C61-C62). OpenEval finds SUPPORTED by data in Figures 4-6 with established alpha-band phenomena, though notes additional activations remain suggestive. Peer reviewers find UNSUPPORTED: Reviewer 1 explicitly states 'no actual comparison appears to have been completed' with standard EEG analysis despite abstract claims, calling refusal to compare 'illogical.' Major disagreement on whether comparison was actually performed.",8.0,6.0,6,elife-100123,v1,0.75,6,8,Disagree
CMP9,R9,R9,Supported,Unsupported,MINOR,MINOR,Disagree,"Both address characterization of SPECTRE vs source localization differences (C82-C84, C88-C92). OpenEval finds SUPPORTED though notes LoretaKey1 comparison somewhat unfair. Peer reviewers find UNSUPPORTED: Reviewer 1 explicitly rejects authors' justification for not comparing, calling it 'illogical,' and Reviewer 3 notes 'comparisons to benchmark remain unaddressed.' Major disagreement on whether fundamental differences justify avoiding validation comparisons.",11.0,5.0,5,elife-100123,v1,0.45454545454545453,5,11,Disagree
CMP6,R6,R6,Supported,Unsupported,MAJOR,MAJOR,Disagree,"Both evaluate negative results for MBK-2 involvement (C83-C94). OpenEval rates SUPPORTED, viewing the comprehensive negative evidence as strong. Peer reviewers rate UNSUPPORTED, stating they are 'left unconvinced' and noting missing data, unreliable RNAi in neurons, and insufficient evidence for the negative conclusion. Major disagreement on adequacy of negative evidence.",12.0,9.0,9,elife-94583,v1,0.75,9,12,Disagree
CMP1,R2,R1,Supported,Unsupported,MAJOR,MAJOR,Disagree,"Both evaluate the comparative performance claims (C5, C6, C38-C44) from Table 1. OpenEval finds the results SUPPORTED with caveats about true negative definitions, while peer reviewers find them UNSUPPORTED, explicitly stating the FTMap comparison is invalid because FTMap identifies small molecule binding sites, not PPI hot spots. This represents a fundamental disagreement on the validity of the performance comparison.",9.0,9.0,9,elife-96643,v1,1.0,9,9,Disagree
CMP5,R6,R5,Supported,Unsupported,MAJOR,MAJOR,Disagree,"Both address speed-accuracy tradeoff absence and reflex-speed claims (C8, C79, C110, C120). OpenEval finds it SUPPORTED with no correlation between error and latency. Peer review rates it UNSUPPORTED - Reviewer 2 explicitly challenges the 40ms claim as having 'little support,' noting previous studies show 60-75ms latencies, and criticizes mentioning 40ms in abstract as 'overselling the result.'",6.0,5.0,4,elife-99634,v1,0.6666666666666666,5,6,Disagree
CMP7,R6,R5,Supported,Unsupported,MAJOR,MAJOR,Disagree,"Both evaluate molecular subtyping claims (C34-C38, with OpenEval also covering C78-C79). OpenEval finds the approach biologically-informed with significant survival differences and appropriate methodology. Peer reviewer R3 explicitly states the subtype results are 'not convincing,' noting univariate analysis is insufficient and that lack of multivariable analysis means authors cannot claim clinically relevant subtypes. Strong disagreement on subtype validity.",7.0,5.0,5,elife-103737,v1,0.7142857142857143,5,7,Disagree
CMP8,R10,R10,Supported,Unsupported,MAJOR,MAJOR,Disagree,"Both evaluate novelty and clinical promise claims (C45, C88-C91, C94). OpenEval finds the radiomics-EV miRNA integration methodologically innovative and well-documented, though notes C94's clinical promise is aspirational. Peer reviewers rate as UNSUPPORTED, with editor stating evidence is incomplete, R3 identifying fundamental design flaws, and R2 calling the design flawed, making broad clinical claims premature. Major disagreement on novelty and clinical utility.",7.0,5.0,5,elife-103737,v1,0.7142857142857143,5,7,Disagree
CMP10,R9,R8,Supported,Unsupported,MAJOR,MINOR,Disagree,"Both evaluate pathway enrichment analysis (C42-C44, C66). OpenEval finds the GSEA methodology standard and appropriate with clear presentation. Peer reviewers rate as UNSUPPORTED because the pathway analyses are downstream of unconvincing subtype classification, with R3's critique about insufficient multivariable analysis applying to all functional characterization. Disagreement stems from different assessments of upstream subtyping validity.",6.0,4.0,4,elife-103737,v1,0.6666666666666666,4,6,Disagree
CMP11,R13,R3,Supported,Unsupported,MAJOR,MAJOR,Disagree,"Partial claim overlap (C7, C75-C76). Major disagreement: OpenEval rates main causal conclusion as SUPPORTED with converging evidence from multiple measures. Peer reviewers rate as UNSUPPORTED, explicitly challenging the causal claim and stating 'results still do not lead to the conclusion that the angular gyrus is causally involved' due to absence of target engagement analyses.",14.0,3.0,3,elife-91033,v1,0.21428571428571427,3,14,Disagree
CMP1,R6,R2,Supported,Unsupported,MAJOR,MAJOR,Disagree,"Both evaluate the Scott-Hwa computational model (C24-C30, C54). OpenEval finds the model well-supported with clear mechanistic explanations. Peer reviewers explicitly reject this, arguing the bacterial model is inappropriate for yeast due to missing ppGpp regulation and lack of quantitative validation in yeast. This is a major disagreement on model applicability.",8.0,10.0,7,elife-105265,v1,0.7,10,8,Disagree
CMP2,R8,R3,Supported,Unsupported,MAJOR,MAJOR,Disagree,"Both evaluate the Weisse model (C32-C36). OpenEval finds it supported with clear computational results demonstrating the Product function. Peer reviewers explicitly challenge this, noting the model was only fitted to E. coli data and never validated for yeast, questioning its applicability to explain genome-wide patterns. Strong disagreement on model validity.",5.0,8.0,5,elife-105265,v1,0.625,8,5,Disagree
CMP3,R7,R2,Supported,Unsupported,MINOR,MAJOR,Disagree,"Both address limitations of the Product function for beneficial mutations (C31, C59-C60). OpenEval views this as an appropriately noted boundary condition. Peer reviewers include these claims in their broader critique of the Scott-Hwa model's applicability, viewing them as part of an unsupported mechanistic framework.",3.0,10.0,3,elife-105265,v1,0.3,10,3,Disagree
CMP4,R9,R3,Supported,Unsupported,MAJOR,MAJOR,Disagree,"Both evaluate mechanistic explanations for deviations (C37, C39). OpenEval finds the analytical approximation and identification of nonlinear kinetics well-supported. Peer reviewers reject the underlying models, arguing they fail to account for the generality of product neutrality across diverse genetic perturbations.",2.0,8.0,2,elife-105265,v1,0.25,8,2,Disagree
CMP9,R13,R11,Supported,Unsupported,MINOR,MAJOR,Disagree,"Strong disagreement on telomere silencing effectiveness (C61). OpenEval treats this as supported contextual claim from literature. However, Peer Reviewer 3 explicitly challenges the silencing claim with data showing nonsignificant differences and reduced expression in SY12 strain, directly contradicting the interpretation.",2.0,2.0,1,elife-91223,v1,0.5,2,2,Disagree
CMP17,R15,R10,Supported,Unsupported,MAJOR,MAJOR,Disagree,"Strong disagreement on predictive conclusion about 3'UTR regulation (C8, C121). OpenEval finds the prediction reasonable given the data, appropriately acknowledging it as hypothesis requiring validation. Peer reviewers explicitly challenge this conclusion, stating there is 'little proof that the results have biological significance' and 'insufficient orthogonal validation.' Editor concludes evidence is incomplete.",2.0,2.0,2,elife-87517,v1,1.0,2,2,Disagree
CMP1,R1,R1,Supported,Unsupported,MAJOR,MAJOR,Disagree,"Both evaluate behavioral evidence for IR-induced cognitive impairment (C3, C13-C16). OpenEval finds the evidence SUPPORTED with multiple validated tests and statistical significance. Peer review finds it UNSUPPORTED due to fundamental flaws: inappropriate timing (3-8 days vs required >2 months), inappropriate dose fractionation (5x2 Gy too protective), marginal effects, low sample sizes (4-5 animals), and methodological issues with habituation and exploration levels.",5.0,5.0,5,elife-89221,v1,1.0,5,5,Disagree
CMP10,R9,R7,Supported,Unsupported,MAJOR,MAJOR,Disagree,"Both evaluate in vivo antagomiR therapeutic efficacy (C8, C50-C55, with OpenEval also including C89, C93). OpenEval finds SUPPORTED with evidence of brain delivery, target engagement, and behavioral rescue. Peer review finds UNSUPPORTED because the baseline cognitive impairment at 3-8 days is 'completely irrelevant' per Reviewer 2, making rescue of this non-physiological phenotype invalid; Reviewer 1 also requests in vivo molecular marker staining.",9.0,7.0,7,elife-89221,v1,0.7777777777777778,7,9,Disagree
CMP3,R3,R3,Supported,Unsupported,MAJOR,MAJOR,Disagree,"Major disagreement on SF profile-category relationship (C23-C58 vs C21-C59). OpenEval finds SUPPORTED with novel evidence from quadratic fitting and separability index. Peer reviewers rate UNSUPPORTED, stating 'The conclusion that single-unit spatial frequency selectivity can predict object coding requires further evidence' and findings are 'premature given the low number of stimuli.'",12.0,14.0,11,elife-93589,v1,0.7857142857142857,14,12,Disagree
CMP4,R4,R3,Supported,Unsupported,MAJOR,MAJOR,Disagree,"Disagreement on population-level SF-category correlation (C21-C22, C59). OpenEval finds SUPPORTED with high correlations (0.66, 0.39) and significant p-values. Peer reviewers challenge this as part of their broader UNSUPPORTED assessment of the SF-category predictive relationship, citing insufficient evidence.",3.0,14.0,3,elife-93589,v1,0.21428571428571427,14,3,Disagree
CMP12,R20,R7,Supported,Unsupported,MINOR,MAJOR,Disagree,"Strong disagreement on stimulus duration (C125). OpenEval finds methodological details SUPPORTED as enabling reproducibility. Peer reviewers rate UNSUPPORTED, identifying 'One big issue' that 'stimulus duration was too brief and could have weakened the effects of high spatial frequencies and confounded the conclusions.'",26.0,1.0,1,elife-93589,v1,0.038461538461538464,1,26,Disagree
CMP6,R6,R8,Supported,Unsupported,MINOR,MAJOR,Disagree,"Major disagreement on IR expression patterns (C43, C44, C45). OpenEval finds the immunohistochemistry data for IR56d supportive, but peer reviewers identify critical contradictions with multiple previous studies showing IR56d in sweet neurons, not bitter neurons. Peer review also notes lack of adult expression for Ir7g and Ir51b GAL4 reporters.",3.0,3.0,3,elife-106256,v1,1.0,3,3,Disagree
CMP1,R1,R1,Supported,Unsupported,MAJOR,MAJOR,Disagree,"Strong disagreement on C31. OpenEval finds the control experiment with unfamiliar mice appropriately validates social vs. non-social factors (SUPPORTED), while Peer Reviewer 3 explicitly challenges this claim as false, providing statistical reasoning that mice did not perform at chance and questioning whether individual identification is necessary (UNSUPPORTED).",12.0,1.0,1,elife-103748,v1,0.08333333333333333,1,12,Disagree
CMP6,R4,R5,Supported,Unsupported,MINOR,MAJOR,Disagree,"Both address control analyses for confounding variables (C65-C68, C143). OpenEval finds the controls appropriate and strengthening (SUPPORTED), while peer reviewers find them inadequate. Reviewer 2 states the movement analysis is 'unconvincing' and 'I see no effort by the authors to investigate the importance of movement and motivation' (UNSUPPORTED).",5.0,5.0,5,elife-96603,v1,1.0,5,5,Disagree
CMP12,R6,R10,Supported,Unsupported,MAJOR,MINOR,Disagree,"Both address novelty claims (C104). OpenEval rates connectivity findings as SUPPORTED with justified novelty claim, while peer reviewers rate as UNSUPPORTED, explicitly stating 'claims of primacy in showing early prefrontal cortical involvement...several studies already have shown this,' rejecting the novelty claim.",10.0,3.0,1,elife-89076,v1,0.1,3,10,Disagree
CMP1,R1,R1,Unsupported,Supported,MAJOR,MAJOR,Disagree,"Major disagreement on core findings (C10, C11, C42, C43). OpenEval rates as UNSUPPORTED due to failure of Bonferroni correction, marginal associations, and lack of replication. Peer reviewers rate as SUPPORTED, describing 'convincing evidence' for three immune cell types. This represents the most significant divergence in the evaluations.",6.0,6.0,4,elife-92895,v1,0.6666666666666666,6,6,Disagree
CMP3,R3,R3,Unsupported,Supported,MAJOR,MAJOR,Disagree,"Strong disagreement on MVMR and sensitivity analyses (C17, C18, C76, C77). OpenEval rates as UNSUPPORTED, citing internal contradictions and lack of robustness as undermining causal claims. Peer reviewers rate as SUPPORTED, accepting these as part of careful methodological rigor.",4.0,4.0,4,elife-92895,v1,1.0,4,4,Disagree
CMP6,R6,R7,Unsupported,Supported,MAJOR,MINOR,Disagree,"Strong disagreement on therapeutic target claims (C44). OpenEval rates as UNSUPPORTED, stating gene targets are speculative and conclusions overstate evidence strength. Peer reviewers rate as SUPPORTED, accepting translational interpretation within context of overall findings.",3.0,1.0,1,elife-92895,v1,0.3333333333333333,1,3,Disagree
CMP7,R7,R8,Unsupported,Supported,MINOR,MAJOR,Disagree,"Major disagreement on clinical implications (C47, C85, C86). OpenEval rates as UNSUPPORTED, calling translational claims premature and inconsistent with study limitations. Peer reviewers rate as SUPPORTED, with one explicitly affirming 'significant implications for periodontal care.'",4.0,3.0,3,elife-92895,v1,0.75,3,4,Disagree
CMP6,R5,R5,Supported,Unsupported,MAJOR,MAJOR,Disagree,"Strong disagreement on epistasis interpretation (C91-C94). OpenEval rates as SUPPORTED while acknowledging alternative interpretations are possible. Peer reviewers rate as UNSUPPORTED, with Reviewer 1 explicitly stating 'the claim that dact1/2 function downstream of wnt11f2 is not well supported' due to distinct expression patterns and likely secondary effects.",4.0,4.0,4,elife-91648,v1,1.0,4,4,Disagree
CMP16,R16,R10,Supported,Unsupported,MINOR,MAJOR,Disagree,Agreement on acknowledging limitations (C170-C171). Both evaluations note the importance of acknowledging that capn8 necessity was not tested. OpenEval rates these limitation statements as appropriately SUPPORTED. Peer reviewers emphasize these limitations more strongly in their UNSUPPORTED rating of functional claims.,4.0,9.0,2,elife-91648,v1,0.2222222222222222,9,4,Disagree
CMP2,R2,R5,Supported,Unsupported,MAJOR,MINOR,Disagree,"Both address visual inspection of pRF maps (C61). OpenEval considers this part of converging evidence supporting the claims. Peer review explicitly challenges this as UNSUPPORTED, with Reviewer 2 stating they disagree that differences are 'clear' and suggesting the visualization method is inadequate. This is a direct disagreement on the interpretability of the visual data.",15.0,1.0,1,elife-100734,v1,0.06666666666666667,1,15,Disagree
CMP2,R8,R4,Supported,Unsupported,MAJOR,MAJOR,Disagree,"Both evaluate BLI binding data (C92-C95). OpenEval rates as SUPPORTED, viewing BLI as resolving MST discrepancies and avoiding fluorescent labeling artifacts. Peer review rates as UNSUPPORTED, with Reviewer 1 arguing BLI results are inconsistent with published literature, show poor sensorgram fits, and may be subject to artifacts.",4.0,4.0,4,elife-107121,v1,1.0,4,4,Disagree
CMP10,R10,R10,Supported,Unsupported,MAJOR,MINOR,Disagree,"OpenEval supports claims C38 and C73 regarding FtsW mutant suppression, while peer reviewers rate this UNSUPPORTED, explicitly stating that the spotting assay shows only FtsB-E56A and FtsA-E202K provide full rescue, and that claims about FtsW-M254I and S274G are misleading.",2.0,2.0,1,elife-87922,v1,0.5,2,2,Disagree
CMP16,R15,R10,Supported,Unsupported,MAJOR,MINOR,Disagree,"OpenEval supports claim C67 as part of a summary of key findings, while peer reviewers rate claims involving C67 (regarding FtsW suppression) as UNSUPPORTED, stating that FtsW mutants do not provide full rescue comparable to complementation.",3.0,2.0,1,elife-87922,v1,0.3333333333333333,2,3,Disagree
CMP16,R16,R9,Supported,Unsupported,MINOR,MAJOR,Disagree,"Partial overlap on background/context claims. OpenEval R16 evaluates extensive background literature (C1-C2, C14-C33, C53-C55, C96, C116-C153) as appropriately cited context. Peer review R9 challenges subset of these claims (C2, C17, C29, C139-C147) specifically regarding clinical stress and translational relevance, finding them unsupported by human evidence.",49.0,12.0,9,elife-90191,v1,0.1836734693877551,12,49,Disagree
CMP4,R9,R10,Supported,Unsupported,MAJOR,MAJOR,Disagree,"Both evaluate the main conclusion (C73, C82-C83) about mTOR balance regulating sperm epigenetic aging. OpenEval finds convergent evidence from bidirectional genetic manipulation well-supports the conclusion, though notes the complete molecular cascade isn't established. Peer reviewers rate this UNSUPPORTED, with Reviewer 3 stating the central hypothesis 'appears irrelevant or invalid' due to lack of chronologically old animals and adequate controls. Editor concludes evidence is incomplete.",3.0,4.0,3,elife-90992,v1,0.75,4,3,Disagree
CMP16,R7,R10,Supported,Unsupported,MAJOR,MAJOR,Disagree,"Minor overlap on C84. OpenEval R7 includes C84 among phenotypic changes supporting the hypothesis. Peer R10 addresses main conclusions including C84, finding them unsupported due to fundamental experimental design flaws and lack of chronologically old animals.",11.0,4.0,1,elife-90992,v1,0.09090909090909091,4,11,Disagree
CMP2,R9,R6,Supported,Unsupported,MAJOR,MAJOR,Disagree,"Both evaluate claims C33-C35 about microglia DEGs and AD genetics. OpenEval finds these SUPPORTED by citations and reanalysis data, while peer review rates them UNSUPPORTED, expressing concern that 'almost all DEGs found by the authors are in the rare cell types' and noting unconvincing supporting literature and potential false positives driven by outliers.",3.0,3.0,3,elife-90214,v1,1.0,3,3,Disagree
CMP7,R12,R7,Supported,Unsupported,MAJOR,MAJOR,Disagree,"Strong disagreement on main conclusions (C6, C119). OpenEval finds conclusions supported by consistent evidence across analyses, noting small effect sizes as a caveat. Peer reviewers explicitly challenge the 'general physiological mechanism' conclusion, stating effect sizes are too small (< 0.10) to support such broad claims.",2.0,3.0,2,elife-101992,v1,0.6666666666666666,3,2,Disagree
CMP1,R11,R3,Supported,Unsupported,MAJOR,MAJOR,Disagree,"Both address dating claims (C89-C102) but reach opposite conclusions. OpenEval finds the dating approach 'methodologically sound but indirect' and appropriately conservative (SUPPORTED). Peer reviewers explicitly reject it as UNSUPPORTED, stating there is 'no direct or closely associated chronometric dating' and the chronological context is 'physically so far removed from these rock markings, as to be misleading at best.' This represents a fundamental disagreement on whether indirect dating via associated skeletal remains is acceptable.",14.0,14.0,14,elife-89102,v1,1.0,14,14,Disagree
CMP2,R10,R2,Supported,Unsupported,MAJOR,MAJOR,Disagree,"Both address authorship attribution to H. naledi (C82-C88, C68-C69). OpenEval finds the exclusivity documentation and proximity of remains SUPPORTED though 'circumstantial.' Peer reviewers explicitly reject this as UNSUPPORTED and 'premature,' emphasizing that 'juxtaposition' does not demonstrate authorship and that 'this landscape has been home to multiple hominins.' Major disagreement on whether spatial association constitutes adequate evidence.",7.0,9.0,7,elife-89102,v1,0.7777777777777778,9,7,Disagree
CMP4,R14,R7,Supported,Unsupported,MINOR,MAJOR,Disagree,"Both address methodological documentation (C130-C139) with identical claim sets. OpenEval finds methods SUPPORTED as 'appropriate for documentation' though preliminary. Peer reviewers rate UNSUPPORTED, criticizing the lack of 'image enhancements - which is standard in most rock art research' and noting that advanced imaging techniques used at sites like Blombos are 'not invasive or destructive' and should have been employed. Disagreement on methodological adequacy.",10.0,10.0,10,elife-89102,v1,1.0,10,10,Disagree
CMP18,R9,R2,Supported,Unsupported,MAJOR,MAJOR,Disagree,Minor overlap on exclusivity claims (C68-C69). OpenEval includes these in SUPPORTED systematic ruling out of alternatives. Peer reviewers explicitly reject authorship attribution as UNSUPPORTED. The exclusivity of H. naledi presence vs. authorship attribution represents different aspects that lead to divergent conclusions.,14.0,9.0,2,elife-89102,v1,0.14285714285714285,9,14,Disagree
CMP9,R16,R7,Supported,Unsupported,MAJOR,MINOR,Disagree,"Major disagreement on auto/alloimmunity claims (C133, C135). OpenEval rates SUPPORTED as interpretive conclusion based on combined data from current and previous work. Peer reviewers rate UNSUPPORTED, explicitly challenging that 'no data that supports this statement is shown' in current work and requiring proper citation if referring to previous publications.",2.0,3.0,2,elife-88686,v1,0.6666666666666666,3,2,Disagree
CMP10,R12,R6,Supported,Unsupported,MINOR,MINOR,Disagree,"Disagreement on sepsis definition context (C1, C6, C7). OpenEval rates these background claims as SUPPORTED, describing them as appropriately cited literature context. Peer reviewers rate UNSUPPORTED, stating 'the definition of sepsis is outdated' and that Sepsis-3 definition must be used instead of SIRS-based Sepsis-2 framework.",53.0,3.0,3,elife-88686,v1,0.05660377358490566,3,53,Disagree
CMP14,R18,R2,Unsupported,Supported,MINOR,MAJOR,Disagree,"Potential disagreement on statistical threshold (C57). OpenEval rates UNSUPPORTED, criticizing p<0.2 as unusually permissive and increasing false positive risk. Peer reviewers rate mass spectrometry findings SUPPORTED without specifically addressing this statistical concern.",1.0,15.0,1,elife-85596,v1,0.06666666666666667,15,1,Disagree
CMP10,R9,R7,Supported,Unsupported,MAJOR,MAJOR,Disagree,"Both address claims about extending current knowledge (C118-C119). OpenEval finds SUPPORTED based on high-sensitivity detection and brain-wide analysis. Peer reviewers rate UNSUPPORTED, directly challenging that the methodology extends knowledge, noting other studies have achieved similar or better resolution and specificity.",9.0,2.0,2,elife-97602,v1,0.2222222222222222,2,9,Disagree
CMP14,R14,R11,Supported,Unsupported,MAJOR,MAJOR,Disagree,"Both address alternative MCM loading mechanisms (C134-C141). OpenEval finds inference of alternative mechanism logical given data. Peer reviewers explicitly challenge this, stating 'Biochemically, ORC without the ORC1 or ORC2 subunits cannot load the MCM helicase' and 'we still have no information about an alternative pathway,' showing fundamental disagreement.",8.0,4.0,2,elife-102915,v1,0.25,4,8,Disagree
CMP16,R16,R12,Supported,Unsupported,MAJOR,MAJOR,Disagree,"Both assess evidence against incomplete deletion (C145-C147). OpenEval finds high EYFP penetrance and undetectable protein provide strong evidence but acknowledges Western blot limits. Peer reviewers remain skeptical, stating 'not all hepatocytes have the ORC1 and ORC2 genes deleted' and noting Western blots have 'non-linear response curves,' showing significant disagreement.",3.0,4.0,3,elife-102915,v1,0.75,4,3,Disagree
CMP19,R19,R11,Supported,Unsupported,MAJOR,MAJOR,Disagree,"Both evaluate main conclusion about ORC-independent replication (C153-C154, C11). OpenEval finds data strongly supportive. Peer reviewers explicitly challenge this, with multiple stating they 'find the conclusion somewhat hard to accept' and that 'it remains possible that small amounts of residual ORC are responsible,' showing fundamental disagreement on the paper's central claim.",3.0,4.0,2,elife-102915,v1,0.5,4,3,Disagree
CMP21,R21,R12,Supported,Unsupported,MINOR,MAJOR,Disagree,"Both address inability to prove absolute absence of ORC (C157). OpenEval finds the caveat appropriate and notes evidence makes absence 'progressively unlikely.' Peer reviewers emphasize this limitation more strongly, stating 'the authors cannot confirm that it is deleted in all cells,' both acknowledging the limitation but with different weight.",1.0,4.0,1,elife-102915,v1,0.25,4,1,Disagree
CMP14,R21,R6,Supported,Unsupported,MAJOR,MAJOR,Disagree,"Major disagreement on generalizability claims (C64). OpenEval rates as SUPPORTED, noting multi-ancestry approach represents important contribution; peer reviewers rate as UNSUPPORTED, stating 'their conclusion on generalizability of the maternal smoking risk score is currently not supported by their data.'",2.0,4.0,1,elife-93260,v1,0.25,4,2,Disagree
CMP15,R22,R6,Supported,Unsupported,MAJOR,MAJOR,Disagree,Disagreement on conclusions about South Asian populations (C67-C68). OpenEval rates as SUPPORTED though notes interpretation requires careful consideration of confounding; peer reviewers rate as UNSUPPORTED due to inability to validate in sufficient numbers of South Asian smokers.,3.0,4.0,2,elife-93260,v1,0.5,4,3,Disagree
CMP16,R31,R6,Supported,Unsupported,MAJOR,MAJOR,Disagree,"Partial overlap on MRS portability across populations (C104). OpenEval rates as SUPPORTED with caution about lack of active smokers; peer reviewers included in UNSUPPORTED evaluation, stating 'the overall statement that smoking-associated MRS are portable across populations are not fully supported.'",4.0,4.0,1,elife-93260,v1,0.25,4,4,Disagree
CMP9,R11,R9,Supported,Unsupported,MAJOR,MAJOR,Disagree,"OpenEval R11 addresses the central conceptual conclusion about TSE and entropic barriers (C44-C45, C58, C61) rated SUPPORTED. Peer R9 addresses C58 specifically and rates UNSUPPORTED, stating that demonstrating this as a 'catalytic strategy' requires comparison to non-enzymatic reaction that was not performed. Major disagreement on the fundamental claim.",4.0,1.0,1,elife-93099,v1,0.25,1,4,Disagree
CMP6,R16,R5,Supported,Unsupported,MAJOR,MAJOR,Disagree,"Disagreement on absence of clinical disease (C85-C86, C124, C180). OpenEval rates this as SUPPORTED (well-documented limitation), while peer reviewers rate as UNSUPPORTED, explicitly identifying 'lack of phenotype' as a significant weakness that undermines the model's disease relevance.",6.0,4.0,4,elife-88826,v1,0.6666666666666666,4,6,Disagree
CMP8,R8,R7,Supported,Unsupported,MINOR,MAJOR,Disagree,"Moderate claim overlap (C48-C50, C89) on bidirectional methylation fluctuation. OpenEval rates SUPPORTED, viewing evidence of no fully demethylated neurons and tumor data as supporting bidirectional fluctuation that can be modeled. Peer review rates UNSUPPORTED, emphasizing that 'unstable nature of CpG methylation would introduce significant problems in inferring true cell lineage' and that fluctuating methylation contradicts fundamental requirement for stable inheritance.",5.0,6.0,4,elife-101163,v1,0.6666666666666666,6,5,Disagree
CMP11,R9,R7,Supported,Unsupported,MINOR,MAJOR,Disagree,"Small overlap (C53, C54) on limitations and confounding factors. OpenEval rates SUPPORTED as honest assessment of limitations, noting untested assumptions and potential post-differentiation remodeling confounds. Peer review (within R7) rates UNSUPPORTED, using these same limitations as evidence that methylation patterns are fundamentally unreliable for lineage tracing.",3.0,6.0,2,elife-101163,v1,0.3333333333333333,6,3,Disagree
CMP12,R2,R2,Supported,Unsupported,MAJOR,MAJOR,Disagree,"Minimal overlap (C13, C25) but both address core conceptual validity. OpenEval rates methylation hierarchy findings SUPPORTED. Peer review rates UNSUPPORTED, fundamentally challenging the conceptual foundation: 'DNA methylation is unstable across cell divisions and differentiation, and is hardly called barcodes' and 'use of Human Brain Barcodes in the title lacks convincing evidence.' Editor notes 'evidence supporting claims remains incomplete.'",12.0,8.0,2,elife-101163,v1,0.16666666666666666,8,12,Disagree
CMP15,R6,R11,Supported,Unsupported,MAJOR,MAJOR,Disagree,"Significant disagreement. OpenEval evaluates claims C77-C90 as SUPPORTED, citing domain deletion, co-IP, and AlphaFold2 modeling. Peer review evaluates overlapping claims (C80-C82, C85-C86, C88-C90) as UNSUPPORTED, stating TM domain claims rely on structural simulation without direct biochemical validation of TM-TM interactions.",11.0,8.0,8,elife-89938,v1,0.7272727272727273,8,11,Disagree
CMP11,R15,R7,Supported,Unsupported,MAJOR,MAJOR,Disagree,"Both evaluate the quantitative c-di-AMP threshold estimate (C38, C135). OpenEval finds this SUPPORTED as reasonable inference from comparing levels at different timepoints. Peer reviewers rate UNSUPPORTED, noting strains with c-di-AMP around 300 pg/mL show effects while strains at 4000 pg/mL sometimes show no effects, and that 'only very high levels make a difference,' undermining the threshold model.",2.0,2.0,2,elife-104240,v1,1.0,2,2,Disagree
CMP16,R24,R14,Supported,Unsupported,MINOR,MAJOR,Disagree,"Both address the synthesis of evidence for TIP causality (C157-C158, C13, C53). OpenEval finds this SUPPORTED by multiple lines of evidence but acknowledges it remains an inference. Peer reviewers find this UNSUPPORTED, explicitly stating that 'linkage is just that, not definitive evidence' and that transgenic experiments would be needed for convincing proof.",2.0,3.0,1,elife-86324,v1,0.3333333333333333,3,2,Disagree
CMP11,R15,R5,Supported,Unsupported,MAJOR,MAJOR,Disagree,"Both evaluate major conclusions about extreme rearrangement and morphological conservation (C9-C11). OpenEval finds these well-supported by extensive genomic data contrasted with morphological conservation. Peer reviewer directly challenges these claims, stating they are 'unconvinced' the data 'justify the implications of the title or the claims made in the Summary' and noting insufficient justification that the pace is 'in any way remarkable.'",5.0,4.0,3,elife-102542,v1,0.6,4,5,Disagree
CMP8,R12,R6,Supported,Unsupported,MINOR,MINOR,Disagree,"Both address predation/visibility arguments as limitations (C151, C154-C155). OpenEval finds authors appropriately acknowledge limitations and provide evidence that some factors are unlikely confounds. Peer reviewer explicitly challenges the predation/visibility argument as unconvincing, providing contrary evidence about visual signal requirements and predator-prey acoustic dynamics.",14.0,3.0,3,elife-87008,v1,0.21428571428571427,3,14,Disagree
CMP7,R7,R5,Unsupported,Supported,MAJOR,MAJOR,Disagree,"Strong disagreement on claim C29. OpenEval rates as UNSUPPORTED, identifying it as contradicting data in C16-C26 and likely a typographical error. Peer review groups C29 with C22-C28 and rates all as SUPPORTED, describing the fiber remodeling findings as validated without noting the contradiction.",1.0,8.0,1,elife-99790,v1,0.125,8,1,Disagree
CMP13,R13,R9,Unsupported,Supported,MAJOR,MAJOR,Disagree,"Strong disagreement on claims C55-C58 regarding FAP proportions. OpenEval rates as UNSUPPORTED due to contradictory directional statements (increases described as decreases and vice versa), calling results 'uninterpretable.' Peer review groups with broader FAP claims (C59-C64) and rates as SUPPORTED, explicitly validating the conclusion that 'conjugated linoleic acid induces FAPs towards adipogenic commitment.'",4.0,10.0,4,elife-99790,v1,0.4,10,4,Disagree
CMP16,R20,R11,Supported,Unsupported,MINOR,MAJOR,Disagree,"OpenEval evaluates modeling framework definitions (C20-C22, C86-C89) as SUPPORTED, noting clear statements and explicit assumptions. Peer reviewers rate the modeling assumptions (C86, C87) as UNSUPPORTED, with Reviewer 3 explicitly challenging the assumption that plasmids don't affect each other and expressing concern about biological realism ('same cell counted in different pij runs counter to all intuition').",7.0,2.0,2,elife-99593,v1,0.2857142857142857,2,7,Disagree
